id,name,position,team,assists,games,games_started,goals,time_on_ice,blocked,penaltymin,plusMinus,wins,losses,gaa,shots_against,goals_against,shutouts,yearid
8460542,Patrik Elias,Forward,New Jersey Devils,22,48,0,14,18:43,14,22,5,0,0,0,0,0,0,2012-2013
8460626,Bryce Salvador,Defenseman,New Jersey Devils,2,39,0,0,21:19,79,22,-12,0,0,0,0,0,0,2012-2013
8460719,Steve Sullivan,Forward,New Jersey Devils,10,42,0,7,14:33,3,24,-12,0,0,0,0,0,0,2012-2013
8464977,Dainius Zubrus,Forward,New Jersey Devils,7,22,0,2,16:47,9,12,-3,0,0,0,0,0,0,2012-2013
8466182,Henrik Tallinder,Defenseman,New Jersey Devils,3,25,0,1,17:34,15,10,0,0,0,0,0,0,0,2012-2013
8466398,Tom Kostopoulos,Forward,New Jersey Devils,0,15,0,1,9:05,3,18,0,0,0,0,0,0,0,2012-2013
8467412,Alexei Ponikarovsky,Forward,New Jersey Devils,5,42,0,4,13:09,15,14,-1,0,0,0,0,0,0,2012-2013
8467428,Krys Barch,Forward,New Jersey Devils,0,22,0,0,5:51,3,44,1,0,0,0,0,0,0,2012-2013
8468501,Anton Volchenkov,Defenseman,New Jersey Devils,4,37,0,1,16:03,50,37,-1,0,0,0,0,0,0,2012-2013
8469454,Ilya Kovalchuk,Forward,New Jersey Devils,20,37,0,11,24:44:00,12,20,-6,0,0,0,0,0,0,2012-2013
8469623,Marek Zidlicky,Defenseman,New Jersey Devils,15,48,0,4,20:59,42,38,-12,0,0,0,0,0,0,2012-2013
8470123,Cam Janssen,Forward,New Jersey Devils,0,4,0,0,3:58,0,2,-1,0,0,0,0,0,0,2012-2013
8470609,Steve Bernier,Forward,New Jersey Devils,7,47,0,8,13:45,15,17,-7,0,0,0,0,0,0,2012-2013
8470920,David Clarkson,Forward,New Jersey Devils,9,48,0,15,17:35,6,78,-6,0,0,0,0,0,0,2012-2013
8471233,Travis Zajac,Forward,New Jersey Devils,13,48,0,7,19:31,10,22,-5,0,0,0,0,0,0,2012-2013
8471636,Tim Sestito,Forward,New Jersey Devils,0,6,0,0,7:52,2,2,1,0,0,0,0,0,0,2012-2013
8471816,Mark Fayne,Defenseman,New Jersey Devils,5,31,0,1,18:05,40,16,6,0,0,0,0,0,0,2012-2013
8471851,Matt D'Agostini,Forward,New Jersey Devils,3,29,0,3,12:18,12,8,-5,0,0,0,0,0,0,2012-2013
8472382,Andy Greene,Defenseman,New Jersey Devils,12,48,0,4,23:02,70,20,12,0,0,0,0,0,0,2012-2013
8472394,Peter Harrold,Defenseman,New Jersey Devils,3,23,0,2,17:37,10,6,-8,0,0,0,0,0,0,2012-2013
8472410,Stephen Gionta,Forward,New Jersey Devils,10,48,0,4,13:01,14,14,2,0,0,0,0,0,0,2012-2013
8473646,Ryan Carter,Forward,New Jersey Devils,9,44,0,6,13:03,15,31,-2,0,0,0,0,0,0,2012-2013
8473944,Matt Anderson,Forward,New Jersey Devils,1,2,0,0,5:46,1,0,1,0,0,0,0,0,0,2012-2013
8474582,Mattias Tedenby,Forward,New Jersey Devils,1,4,0,0,8:59,1,2,0,0,0,0,0,0,0,2012-2013
8474641,Adam Henrique,Forward,New Jersey Devils,5,42,0,11,18:19,21,16,-3,0,0,0,0,0,0,2012-2013
8474681,Andrei Loktionov,Forward,New Jersey Devils,4,28,0,8,14:15,8,4,-2,0,0,0,0,0,0,2012-2013
8475185,Jacob Josefson,Forward,New Jersey Devils,2,22,0,1,12:58,7,2,-10,0,0,0,0,0,0,2012-2013
8475199,Eric Gelinas,Defenseman,New Jersey Devils,0,1,0,0,15:59,0,0,-1,0,0,0,0,0,0,2012-2013
8475248,Alexander Urbom,Defenseman,New Jersey Devils,0,1,0,0,14:11,1,0,-1,0,0,0,0,0,0,2012-2013
8475637,Bobby Butler,Forward,New Jersey Devils,7,34,0,4,10:48,4,4,-8,0,0,0,0,0,0,2012-2013
8476457,Adam Larsson,Defenseman,New Jersey Devils,6,37,0,0,18:06,49,12,4,0,0,0,0,0,0,2012-2013
8476849,Harri Pesonen,Forward,New Jersey Devils,0,4,0,0,9:11,0,2,-1,0,0,0,0,0,0,2012-2013
8476870,Stefan Matteau,Forward,New Jersey Devils,2,17,0,1,9:11,1,6,-1,0,0,0,0,0,0,2012-2013
8455710,Martin Brodeur,Goalie,New Jersey Devils,0,29,29,0,60:35:00,0,0,0,13,9,2.219251,654,65,2,2012-2013
8460704,Johan Hedberg,Goalie,New Jersey Devils,0,19,19,0,58:19:00,0,0,0,6,10,2.761068,435,51,1,2012-2013
8471712,Jeff Frazee,Goalie,New Jersey Devils,0,1,0,0,18:36,0,0,0,0,0,0,3,0,0,2012-2013
8476234,Keith Kinkaid,Goalie,New Jersey Devils,0,1,0,0,25:45:00,0,0,0,0,0,2.330097,13,1,0,2012-2013
8460720,Eric Boulton,Forward,New York Islanders,0,15,0,0,5:40,6,36,-4,0,0,0,0,0,0,2012-2013
8464967,Marty Reasoner,Forward,New York Islanders,5,31,0,0,11:13,14,4,-3,0,0,0,0,0,0,2012-2013
8467931,Matt Carkner,Defenseman,New York Islanders,2,22,0,0,12:35,19,46,-2,0,0,0,0,0,0,2012-2013
8468101,Radek Martinek,Defenseman,New York Islanders,0,13,0,3,16:08,19,4,-2,0,0,0,0,0,0,2012-2013
8468309,Mark Streit,Defenseman,New York Islanders,21,48,0,6,23:20,86,22,-14,0,0,0,0,0,0,2012-2013
8468504,Brad Boyes,Forward,New York Islanders,25,48,0,10,18:12,20,16,-6,0,0,0,0,0,0,2012-2013
8468598,Lubomir Visnovsky,Defenseman,New York Islanders,11,35,0,3,22:48,52,20,12,0,0,0,0,0,0,2012-2013
8469779,Keith Aucoin,Forward,New York Islanders,6,41,0,6,12:29,21,4,-1,0,0,0,0,0,0,2012-2013
8470144,Frans Nielsen,Forward,New York Islanders,23,48,0,6,18:01,47,12,-3,0,0,0,0,0,0,2012-2013
8470644,Colin McDonald,Forward,New York Islanders,10,45,0,7,11:22,9,32,-1,0,0,0,0,0,0,2012-2013
8470852,Matt Moulson,Forward,New York Islanders,29,47,0,15,19:09,28,4,-3,0,0,0,0,0,0,2012-2013
8471701,Joe Finley,Defenseman,New York Islanders,1,16,0,0,11:57,15,20,-5,0,0,0,0,0,0,2012-2013
8473449,Kyle Okposo,Forward,New York Islanders,20,48,0,4,16:57,21,38,-2,0,0,0,0,0,0,2012-2013
8473514,Jesse Joensuu,Forward,New York Islanders,2,7,0,0,10:08,0,6,2,0,0,0,0,0,0,2012-2013
8473546,Michael Grabner,Forward,New York Islanders,5,45,0,16,14:47,19,12,4,0,0,0,0,0,0,2012-2013
8473565,Brian Strait,Defenseman,New York Islanders,4,19,0,0,17:09,21,10,4,0,0,0,0,0,0,2012-2013
8473584,Andrew MacDonald,Defenseman,New York Islanders,9,48,0,3,23:31,123,20,-2,0,0,0,0,0,0,2012-2013
8474066,Thomas Hickey,Defenseman,New York Islanders,3,39,0,1,16:51,47,8,9,0,0,0,0,0,0,2012-2013
8474573,Josh Bailey,Forward,New York Islanders,8,38,0,11,16:22,22,6,7,0,0,0,0,0,0,2012-2013
8474612,Travis Hamonic,Defenseman,New York Islanders,7,48,0,3,22:48,109,28,-8,0,0,0,0,0,0,2012-2013
8474666,David Ullstrom,Forward,New York Islanders,3,20,0,2,9:29,1,6,-2,0,0,0,0,0,0,2012-2013
8474709,Matt Martin,Forward,New York Islanders,7,48,0,4,11:54,22,63,-2,0,0,0,0,0,0,2012-2013
8475166,John Tavares,Forward,New York Islanders,19,48,0,28,20:46,22,18,-2,0,0,0,0,0,0,2012-2013
8475231,Casey Cizikas,Forward,New York Islanders,9,45,0,6,10:47,21,14,0,0,0,0,0,0,0,2012-2013
8475314,Anders Lee,Forward,New York Islanders,1,2,0,1,8:12,2,0,-3,0,0,0,0,0,0,2012-2013
8460705,Evgeni Nabokov,Goalie,New York Islanders,0,41,41,0,60:22:00,0,0,0,23,11,2.496566,1139,103,3,2012-2013
8468481,Rick DiPietro,Goalie,New York Islanders,0,3,3,0,58:32:00,0,0,0,0,3,4.100228,83,12,0,2012-2013
8474690,Kevin Poulin,Goalie,New York Islanders,0,5,4,0,51:31:00,0,0,0,1,3,3.027754,122,13,0,2012-2013
8458938,Roman Hamrlik,Defenseman,New York Rangers,1,16,0,0,11:28,14,8,-4,0,0,0,0,0,0,2012-2013
8465025,Arron Asham,Forward,New York Rangers,0,27,0,2,6:37,4,50,2,0,0,0,0,0,0,2012-2013
8467336,Mike Rupp,Forward,New York Rangers,3,40,0,1,8:21,9,79,-2,0,0,0,0,0,0,2012-2013
8467389,Brad Richards,Forward,New York Rangers,23,46,0,11,18:48,43,14,8,0,0,0,0,0,0,2012-2013
8467831,Jeff Halpern,Forward,New York Rangers,2,46,0,1,10:11,22,10,-8,0,0,0,0,0,0,2012-2013
8467881,Taylor Pyatt,Forward,New York Rangers,5,48,0,6,13:06,28,6,5,0,0,0,0,0,0,2012-2013
8468483,Marian Gaborik,Forward,New York Rangers,15,47,0,12,18:31,18,14,-3,0,0,0,0,0,0,2012-2013
8469622,Ryane Clowe,Forward,New York Rangers,16,40,0,3,16:37,19,93,1,0,0,0,0,0,0,2012-2013
8469755,Brandon Segal,Forward,New York Rangers,0,1,0,0,5:21,1,2,0,0,0,0,0,0,0,2012-2013
8470041,Rick Nash,Forward,New York Rangers,21,44,0,21,19:58,25,26,16,0,0,0,0,0,0,2012-2013
8470192,Steve Eminger,Defenseman,New York Rangers,3,35,0,0,13:02,41,8,9,0,0,0,0,0,0,2012-2013
8470232,Kris Newbury,Forward,New York Rangers,1,6,0,0,7:53,0,9,1,0,0,0,0,0,0,2012-2013
8470619,Brian Boyle,Forward,New York Rangers,3,38,0,2,14:12,30,29,-13,0,0,0,0,0,0,2012-2013
8471339,Ryan Callahan,Forward,New York Rangers,15,45,0,16,21:30,66,12,9,0,0,0,0,0,0,2012-2013
8471686,Marc Staal,Defenseman,New York Rangers,9,21,0,2,24:27:00,36,14,4,0,0,0,0,0,0,2012-2013
8471873,Anton Stralman,Defenseman,New York Rangers,3,48,0,4,18:02,42,16,14,0,0,0,0,0,0,2012-2013
8471958,Dan Girardi,Defenseman,New York Rangers,12,46,0,2,25:24:00,125,16,-1,0,0,0,0,0,0,2012-2013
8473544,Derick Brassard,Forward,New York Rangers,17,47,0,12,16:33,8,16,1,0,0,0,0,0,0,2012-2013
8473600,Benn Ferriero,Forward,New York Rangers,1,4,0,0,9:36,2,0,0,0,0,0,0,0,0,2012-2013
8473932,Darroll Powe,Forward,New York Rangers,0,42,0,0,8:59,22,27,-1,0,0,0,0,0,0,2012-2013
8474151,Ryan McDonagh,Defenseman,New York Rangers,15,47,0,4,24:21:00,78,22,13,0,0,0,0,0,0,2012-2013
8474176,Carl Hagelin,Forward,New York Rangers,14,48,0,10,17:18,28,18,10,0,0,0,0,0,0,2012-2013
8474230,Micheal Haley,Forward,New York Rangers,0,9,0,0,6:37,5,12,-1,0,0,0,0,0,0,2012-2013
8474584,Michael Del Zotto,Defenseman,New York Rangers,18,46,0,3,23:10,64,18,6,0,0,0,0,0,0,2012-2013
8474613,Derek Stepan,Forward,New York Rangers,26,48,0,18,20:55,28,12,25,0,0,0,0,0,0,2012-2013
8474772,Stu Bickel,Defenseman,New York Rangers,0,16,0,0,5:31,6,49,-2,0,0,0,0,0,0,2012-2013
8474850,Brandon Mashinter,Forward,New York Rangers,0,4,0,0,5:55,1,0,-2,0,0,0,0,0,0,2012-2013
8475118,Matt Gilroy,Defenseman,New York Rangers,0,15,0,0,9:33,6,6,-3,0,0,0,0,0,0,2012-2013
8475184,Chris Kreider,Forward,New York Rangers,1,23,0,2,10:06,6,6,-1,0,0,0,0,0,0,2012-2013
8475186,John Moore,Defenseman,New York Rangers,6,30,0,1,13:19,32,7,4,0,0,0,0,0,0,2012-2013
8475692,Mats Zuccarello,Forward,New York Rangers,5,15,0,3,16:25,15,8,10,0,0,0,0,0,0,2012-2013
8475749,Christian Thomas,Forward,New York Rangers,0,1,0,0,12:46,0,0,0,0,0,0,0,0,0,2012-2013
8476468,J.T. Miller,Forward,New York Rangers,2,26,0,2,13:31,12,8,-7,0,0,0,0,0,0,2012-2013
8473432,Derek Dorsett,Forward,New York Rangers,6,24,0,3,15:59,10,53,-11,0,0,0,0,0,0,2012-2013
8462047,Martin Biron,Goalie,New York Rangers,0,6,5,0,55:57:00,0,0,0,2,2,2.323503,156,13,0,2012-2013
8468685,Henrik Lundqvist,Goalie,New York Rangers,0,43,43,0,59:53:00,0,0,0,24,16,2.050193,1190,88,2,2012-2013
8458590,Mike Knuble,Forward,Philadelphia Flyers,4,28,0,4,12:55,11,20,-4,0,0,0,0,0,0,2012-2013
8459670,Kimmo Timonen,Defenseman,Philadelphia Flyers,24,45,0,5,21:45,79,36,3,0,0,0,0,0,0,2012-2013
8462535,Jody Shelley,Forward,Philadelphia Flyers,0,1,0,0,7:58,0,0,0,0,0,0,0,0,0,2012-2013
8464975,Daniel Briere,Forward,Philadelphia Flyers,10,34,0,6,16:03,6,10,-13,0,0,0,0,0,0,2012-2013
8467346,Simon Gagne,Forward,Philadelphia Flyers,11,38,0,5,14:08,15,8,-1,0,0,0,0,0,0,2012-2013
8467478,Kent Huskins,Defenseman,Philadelphia Flyers,1,19,0,0,15:39,37,4,-3,0,0,0,0,0,0,2012-2013
8467925,Adam Hall,Forward,Philadelphia Flyers,4,37,0,0,10:31,26,23,0,0,0,0,0,0,0,2012-2013
8468172,Ruslan Fedotenko,Forward,Philadelphia Flyers,9,47,0,4,12:34,34,12,8,0,0,0,0,0,0,2012-2013
8468486,Scott Hartnell,Forward,Philadelphia Flyers,3,32,0,8,15:52,21,70,-5,0,0,0,0,0,0,2012-2013
8468520,Kurtis Foster,Defenseman,Philadelphia Flyers,4,23,0,1,13:05,16,35,0,0,0,0,0,0,0,2012-2013
8468534,Andreas Lilja,Defenseman,Philadelphia Flyers,0,4,0,0,16:46,7,0,-1,0,0,0,0,0,0,2012-2013
8470171,Max Talbot,Forward,Philadelphia Flyers,5,35,0,5,15:25,27,23,2,0,0,0,0,0,0,2012-2013
8470601,Braydon Coburn,Defenseman,Philadelphia Flyers,4,33,0,1,22:36,61,41,-10,0,0,0,0,0,0,2012-2013
8470774,Bruno Gervais,Defenseman,Philadelphia Flyers,5,37,0,1,17:07,41,10,-17,0,0,0,0,0,0,2012-2013
8470816,Jay Rosehill,Forward,Philadelphia Flyers,0,11,0,1,6:47,5,64,-4,0,0,0,0,0,0,2012-2013
8471236,Andrej Meszaros,Defenseman,Philadelphia Flyers,2,11,0,0,18:27,24,2,-9,0,0,0,0,0,0,2012-2013
8471269,Nicklas Grossmann,Defenseman,Philadelphia Flyers,3,30,0,1,18:19,82,21,-1,0,0,0,0,0,0,2012-2013
8473512,Claude Giroux,Forward,Philadelphia Flyers,35,48,0,13,21:10,29,22,-7,0,0,0,0,0,0,2012-2013
8473542,Tom Sestito,Forward,Philadelphia Flyers,0,30,0,3,6:25,2,65,-2,0,0,0,0,0,0,2012-2013
8474161,Jakub Voracek,Forward,Philadelphia Flyers,24,48,0,22,17:14,12,35,-7,0,0,0,0,0,0,2012-2013
8474190,Wayne Simmonds,Forward,Philadelphia Flyers,17,45,0,15,15:38,16,84,-7,0,0,0,0,0,0,2012-2013
8474568,Luke Schenn,Defenseman,Philadelphia Flyers,8,47,0,3,21:51,102,34,3,0,0,0,0,0,0,2012-2013
8474736,Zac Rinaldo,Forward,Philadelphia Flyers,2,32,0,3,8:22,12,85,-7,0,0,0,0,0,0,2012-2013
8474892,Eric Wellwood,Forward,Philadelphia Flyers,0,4,0,0,9:25,1,0,0,0,0,0,0,0,0,2012-2013
8475170,Brayden Schenn,Forward,Philadelphia Flyers,18,47,0,8,15:31,22,24,-8,0,0,0,0,0,0,2012-2013
8475342,Oliver Lauridsen,Defenseman,Philadelphia Flyers,1,15,0,2,15:08,24,34,0,0,0,0,0,0,0,2012-2013
8475395,Matthew Konan,Defenseman,Philadelphia Flyers,0,2,0,0,15:55,2,0,0,0,0,0,0,0,0,2012-2013
8475430,Brandon Manning,Defenseman,Philadelphia Flyers,2,6,0,0,14:48,4,0,4,0,0,0,0,0,0,2012-2013
8475640,Erik Gustafsson,Defenseman,Philadelphia Flyers,5,27,0,3,20:08,39,2,-1,0,0,0,0,0,0,2012-2013
8475775,Tye McGinn,Forward,Philadelphia Flyers,2,18,0,3,12:43,1,19,0,0,0,0,0,0,0,2012-2013
8475917,Jason Akeson,Forward,Philadelphia Flyers,0,1,0,1,12:23,0,0,2,0,0,0,0,0,0,2012-2013
8476158,Harry Zolnierczyk,Forward,Philadelphia Flyers,1,7,0,0,7:22,3,36,0,0,0,0,0,0,0,2012-2013
8476177,Matt Read,Forward,Philadelphia Flyers,13,42,0,11,18:01,32,2,1,0,0,0,0,0,0,2012-2013
8476461,Sean Couturier,Forward,Philadelphia Flyers,11,46,0,4,15:53,27,10,-8,0,0,0,0,0,0,2012-2013
8476872,Scott Laughton,Forward,Philadelphia Flyers,0,5,0,0,11:31,1,0,0,0,0,0,0,0,0,2012-2013
8462052,Brian Boucher,Goalie,Philadelphia Flyers,0,4,1,0,36:00:00,0,0,0,0,2,2.499711,55,6,0,2012-2013
8468038,Michael Leighton,Goalie,Philadelphia Flyers,0,1,1,0,59:08:00,0,0,0,0,1,5.073281,26,5,0,2012-2013
8468524,Ilya Bryzgalov,Goalie,Philadelphia Flyers,0,40,40,0,57:26:00,0,0,0,19,17,2.794038,1066,107,1,2012-2013
8473461,Steve Mason,Goalie,Philadelphia Flyers,0,20,17,0,54:30:00,0,0,0,7,8,2.5868,561,47,0,2012-2013
8462042,Jarome Iginla,Forward,Pittsburgh Penguins,19,44,0,14,18:48,13,31,-5,0,0,0,0,0,0,2012-2013
8465166,Craig Adams,Forward,Pittsburgh Penguins,6,48,0,3,11:09,37,28,-1,0,0,0,0,0,0,2012-2013
8465951,Matt Cooke,Forward,Pittsburgh Penguins,13,48,0,8,14:42,41,36,-2,0,0,0,0,0,0,2012-2013
8466160,Brenden Morrow,Forward,Pittsburgh Penguins,13,44,0,12,14:51,20,37,-3,0,0,0,0,0,0,2012-2013
8466393,Pascal Dupuis,Forward,Pittsburgh Penguins,18,48,0,20,17:30,36,26,31,0,0,0,0,0,0,2012-2013
8467580,Mark Eaton,Defenseman,Pittsburgh Penguins,0,23,0,0,17:58,33,4,9,0,0,0,0,0,0,2012-2013
8468114,Douglas Murray,Defenseman,Pittsburgh Penguins,5,43,0,1,17:35,98,35,-9,0,0,0,0,0,0,2012-2013
8468498,Brooks Orpik,Defenseman,Pittsburgh Penguins,8,46,0,0,22:17,114,32,17,0,0,0,0,0,0,2012-2013
8468542,Paul Martin,Defenseman,Pittsburgh Penguins,17,34,0,6,25:19:00,50,16,14,0,0,0,0,0,0,2012-2013
8468674,Deryk Engelland,Defenseman,Pittsburgh Penguins,6,42,0,0,13:55,57,54,5,0,0,0,0,0,0,2012-2013
8469638,Jussi Jokinen,Forward,Pittsburgh Penguins,9,43,0,13,15:25,22,24,-5,0,0,0,0,0,0,2012-2013
8470543,Chris Kunitz,Forward,Pittsburgh Penguins,30,48,0,22,18:01,13,39,30,0,0,0,0,0,0,2012-2013
8470798,Dylan Reese,Defenseman,Pittsburgh Penguins,0,3,0,0,15:15,4,0,0,0,0,0,0,0,0,2012-2013
8470854,Tanner Glass,Forward,Pittsburgh Penguins,1,48,0,1,10:04,21,62,-11,0,0,0,0,0,0,2012-2013
8470896,Steve MacIntyre,Forward,Pittsburgh Penguins,0,1,0,0,4:31,0,12,0,0,0,0,0,0,0,2012-2013
8471215,Evgeni Malkin,Forward,Pittsburgh Penguins,24,31,0,9,19:42,11,36,5,0,0,0,0,0,0,2012-2013
8471311,Tyler Kennedy,Forward,Pittsburgh Penguins,5,46,0,6,12:27,9,19,-6,0,0,0,0,0,0,2012-2013
8471675,Sidney Crosby,Forward,Pittsburgh Penguins,41,36,0,15,21:06,18,16,26,0,0,0,0,0,0,2012-2013
8471702,Matt Niskanen,Defenseman,Pittsburgh Penguins,10,40,0,4,20:21,47,12,4,0,0,0,0,0,0,2012-2013
8471707,James Neal,Forward,Pittsburgh Penguins,15,40,0,21,17:28,17,26,5,0,0,0,0,0,0,2012-2013
8471724,Kris Letang,Defenseman,Pittsburgh Penguins,33,35,0,5,25:38:00,59,8,16,0,0,0,0,0,0,2012-2013
8471856,Joe Vitale,Forward,Pittsburgh Penguins,3,33,0,2,9:31,19,17,-7,0,0,0,0,0,0,2012-2013
8473933,Ben Lovejoy,Defenseman,Pittsburgh Penguins,10,35,0,0,17:49,42,29,4,0,0,0,0,0,0,2012-2013
8473942,Trevor Smith,Forward,Pittsburgh Penguins,0,1,0,0,10:24,1,0,0,0,0,0,0,0,0,2012-2013
8474025,Eric Tangradi,Forward,Pittsburgh Penguins,3,41,0,1,10:05,22,22,-2,0,0,0,0,0,0,2012-2013
8474091,Brandon Sutter,Forward,Pittsburgh Penguins,8,48,0,11,16:24,32,4,3,0,0,0,0,0,0,2012-2013
8474138,Dustin Jeffrey,Forward,Pittsburgh Penguins,3,24,0,3,11:30,5,2,1,0,0,0,0,0,0,2012-2013
8474145,Robert Bortuzzo,Defenseman,Pittsburgh Penguins,2,15,0,2,13:17,14,27,3,0,0,0,0,0,0,2012-2013
8474576,Zach Boychuk,Forward,Pittsburgh Penguins,1,13,0,1,12:18,2,6,-1,0,0,0,0,0,0,2012-2013
8475155,Simon Despres,Defenseman,Pittsburgh Penguins,5,33,0,2,15:06,31,20,9,0,0,0,0,0,0,2012-2013
8475761,Beau Bennett,Forward,Pittsburgh Penguins,11,26,0,3,12:18,9,6,7,0,0,0,0,0,0,2012-2013
8460712,Tomas Vokoun,Goalie,Pittsburgh Penguins,0,20,17,0,51:25:00,0,0,0,13,4,2.450091,519,42,3,2012-2013
8470594,Marc-Andre Fleury,Goalie,Pittsburgh Penguins,0,33,31,0,56:17:00,0,0,0,23,8,2.389988,881,74,1,2012-2013
8448208,Jaromir Jagr,Forward,Boston Bruins,19,45,0,16,18:19,10,22,-2,0,0,0,0,0,0,2012-2013
8459454,Jay Pandolfo,Forward,Boston Bruins,0,18,0,0,9:04,8,2,-2,0,0,0,0,0,0,2012-2013
8462033,Wade Redden,Defenseman,Boston Bruins,4,29,0,3,15:04,30,11,-2,0,0,0,0,0,0,2012-2013
8465009,Zdeno Chara,Defenseman,Boston Bruins,12,48,0,7,24:56:00,64,70,14,0,0,0,0,0,0,2012-2013
8465978,Shawn Thornton,Forward,Boston Bruins,4,45,0,3,8:06,13,60,1,0,0,0,0,0,0,2012-2013
8466333,Andrew Ference,Defenseman,Boston Bruins,9,48,0,4,19:29,60,35,9,0,0,0,0,0,0,2012-2013
8467967,Chris Kelly,Forward,Boston Bruins,6,34,0,3,14:58,20,16,-8,0,0,0,0,0,0,2012-2013
8469534,Aaron Johnson,Defenseman,Boston Bruins,0,10,0,0,14:52,5,10,0,0,0,0,0,0,0,2012-2013
8469619,Dennis Seidenberg,Defenseman,Boston Bruins,13,46,0,4,23:47,115,10,18,0,0,0,0,0,0,2012-2013
8470169,Gregory Campbell,Forward,Boston Bruins,9,48,0,4,13:42,28,41,2,0,0,0,0,0,0,2012-2013
8470187,Johnny Boychuk,Defenseman,Boston Bruins,5,44,0,1,20:24,87,12,5,0,0,0,0,0,0,2012-2013
8470230,Daniel Paille,Forward,Boston Bruins,7,46,0,10,12:40,15,8,3,0,0,0,0,0,0,2012-2013
8470596,Nathan Horton,Forward,Boston Bruins,9,43,0,13,16:51,10,22,1,0,0,0,0,0,0,2012-2013
8470638,Patrice Bergeron,Forward,Boston Bruins,22,42,0,10,19:17,25,18,24,0,0,0,0,0,0,2012-2013
8470704,Jamie Tardif,Forward,Boston Bruins,0,2,0,0,4:55,2,0,0,0,0,0,0,0,0,2012-2013
8471246,Chris Bourque,Forward,Boston Bruins,3,18,0,1,12:04,7,6,-6,0,0,0,0,0,0,2012-2013
8471262,Carl Soderberg,Forward,Boston Bruins,2,6,0,0,14:43,3,6,-2,0,0,0,0,0,0,2012-2013
8471276,David Krejci,Forward,Boston Bruins,23,47,0,10,18:30,27,20,1,0,0,0,0,0,0,2012-2013
8471514,Rich Peverley,Forward,Boston Bruins,12,47,0,6,15:15,21,16,-9,0,0,0,0,0,0,2012-2013
8471717,Adam McQuaid,Defenseman,Boston Bruins,3,32,0,1,14:17,43,60,0,0,0,0,0,0,0,2012-2013
8473419,Brad Marchand,Forward,Boston Bruins,18,45,0,18,16:57,20,27,23,0,0,0,0,0,0,2012-2013
8473473,Milan Lucic,Forward,Boston Bruins,20,46,0,7,16:54,16,75,8,0,0,0,0,0,0,2012-2013
8473484,Kaspars Daugavins,Forward,Boston Bruins,3,25,0,1,11:00,10,9,-8,0,0,0,0,0,0,2012-2013
8474749,Matt Bartkowski,Defenseman,Boston Bruins,2,11,0,0,13:29,3,6,0,0,0,0,0,0,0,2012-2013
8475150,Jordan Caron,Forward,Boston Bruins,2,17,0,1,9:24,4,4,1,0,0,0,0,0,0,2012-2013
8475283,Lane MacDermid,Forward,Boston Bruins,0,9,0,2,4:35,0,19,1,0,0,0,0,0,0,2012-2013
8475727,Ryan Spooner,Forward,Boston Bruins,0,4,0,0,9:07,2,0,0,0,0,0,0,0,0,2012-2013
8475794,Tyler Seguin,Forward,Boston Bruins,16,48,0,16,17:00,6,16,23,0,0,0,0,0,0,2012-2013
8476462,Dougie Hamilton,Defenseman,Boston Bruins,11,42,0,5,17:07,33,14,4,0,0,0,0,0,0,2012-2013
8476792,Torey Krug,Defenseman,Boston Bruins,1,1,0,0,15:47,1,0,-1,0,0,0,0,0,0,2012-2013
8471418,Anton Khudobin,Goalie,Boston Bruins,0,14,14,0,57:21:00,0,0,0,9,4,2.316314,388,31,1,2012-2013
8471695,Tuukka Rask,Goalie,Boston Bruins,0,36,34,0,58:26:00,0,0,0,19,10,1.996055,980,70,5,2012-2013
8462077,Jochen Hecht,Forward,Buffalo Sabres,9,47,0,5,13:41,27,18,6,0,0,0,0,0,0,2012-2013
8467344,Robyn Regehr,Defenseman,Buffalo Sabres,4,41,0,0,19:25,69,23,-4,0,0,0,0,0,0,2012-2013
8467917,Jordan Leopold,Defenseman,Buffalo Sabres,8,39,0,2,20:04,57,14,-8,0,0,0,0,0,0,2012-2013
8468505,Steve Ott,Forward,Buffalo Sabres,15,48,0,9,18:33,21,93,3,0,0,0,0,0,0,2012-2013
8469506,Jason Pominville,Forward,Buffalo Sabres,20,47,0,14,20:10,35,8,1,0,0,0,0,0,0,2012-2013
8469555,Christian Ehrhoff,Defenseman,Buffalo Sabres,17,47,0,5,25:11:00,81,34,6,0,0,0,0,0,0,2012-2013
8469591,Cody McCormick,Forward,Buffalo Sabres,0,8,0,0,6:27,5,10,-2,0,0,0,0,0,0,2012-2013
8470018,Matt Ellis,Forward,Buffalo Sabres,0,6,0,0,6:11,3,0,0,0,0,0,0,0,0,2012-2013
8470598,Thomas Vanek,Forward,Buffalo Sabres,21,38,0,20,18:24,4,20,-1,0,0,0,0,0,0,2012-2013
8470685,Alexander Sulzer,Defenseman,Buffalo Sabres,1,17,0,3,16:31,19,10,3,0,0,0,0,0,0,2012-2013
8471226,Drew Stafford,Forward,Buffalo Sabres,12,46,0,6,17:01,9,21,-16,0,0,0,0,0,0,2012-2013
8471284,Andrej Sekera,Defenseman,Buffalo Sabres,10,37,0,2,21:12,73,4,-2,0,0,0,0,0,0,2012-2013
8471331,Kevin Porter,Forward,Buffalo Sabres,5,31,0,4,15:13,18,10,-1,0,0,0,0,0,0,2012-2013
8471385,Adam Pardy,Defenseman,Buffalo Sabres,4,17,0,0,16:30,16,14,4,0,0,0,0,0,0,2012-2013
8471388,Patrick Kaleta,Forward,Buffalo Sabres,0,34,0,1,10:47,34,67,-4,0,0,0,0,0,0,2012-2013
8471804,Nathan Gerbe,Forward,Buffalo Sabres,5,42,0,5,12:30,8,14,-3,0,0,0,0,0,0,2012-2013
8473426,Mike Weber,Defenseman,Buffalo Sabres,6,42,0,1,18:21,92,70,3,0,0,0,0,0,0,2012-2013
8473722,John Scott,Forward,Buffalo Sabres,0,34,0,0,5:26,5,69,-1,0,0,0,0,0,0,2012-2013
8474113,TJ Brennan,Defenseman,Buffalo Sabres,7,29,0,3,16:41,32,8,-9,0,0,0,0,0,0,2012-2013
8474551,Ville Leino,Forward,Buffalo Sabres,4,8,0,2,15:48,2,6,0,0,0,0,0,0,0,2012-2013
8474570,Cody Hodgson,Forward,Buffalo Sabres,19,48,0,15,18:23,24,20,-4,0,0,0,0,0,0,2012-2013
8474574,Tyler Myers,Defenseman,Buffalo Sabres,5,39,0,3,21:18,56,32,-8,0,0,0,0,0,0,2012-2013
8474589,Tyler Ennis,Forward,Buffalo Sabres,21,47,0,10,17:52,25,16,-14,0,0,0,0,0,0,2012-2013
8474609,Luke Adam,Forward,Buffalo Sabres,0,4,0,1,9:47,2,2,1,0,0,0,0,0,0,2012-2013
8475220,Marcus Foligno,Forward,Buffalo Sabres,13,47,0,5,13:37,16,41,-4,0,0,0,0,0,0,2012-2013
8475796,Mark Pysyk,Defenseman,Buffalo Sabres,4,19,0,1,16:16,9,0,-7,0,0,0,0,0,0,2012-2013
8476808,Brian Flynn,Forward,Buffalo Sabres,5,26,0,6,14:40,20,0,6,0,0,0,0,0,0,2012-2013
8476888,Mikhail Grigorenko,Forward,Buffalo Sabres,4,25,0,1,10:14,2,0,-1,0,0,0,0,0,0,2012-2013
8477244,Chad Ruhwedel,Defenseman,Buffalo Sabres,0,7,0,0,14:11,8,0,0,0,0,0,0,0,0,2012-2013
8468011,Ryan Miller,Goalie,Buffalo Sabres,0,40,39,0,57:33:00,0,0,0,17,17,2.814658,1270,108,0,2012-2013
8473523,Jhonas Enroth,Goalie,Buffalo Sabres,0,12,9,0,51:57:00,0,0,0,4,4,2.598514,332,27,1,2012-2013
8465200,Tomas Kaberle,Defenseman,Montreal Canadiens,3,10,0,0,13:32,11,0,4,0,0,0,0,0,0,2012-2013
8465914,Francis Bouillon,Defenseman,Montreal Canadiens,8,48,0,1,18:04,50,21,4,0,0,0,0,0,0,2012-2013
8467396,Erik Cole,Forward,Montreal Canadiens,4,47,0,9,16:23,27,20,-6,0,0,0,0,0,0,2012-2013
8467407,Brian Gionta,Forward,Montreal Canadiens,12,48,0,14,18:07,23,8,3,0,0,0,0,0,0,2012-2013
8467496,Andrei Markov,Defenseman,Montreal Canadiens,20,48,0,10,24:07:00,60,14,-9,0,0,0,0,0,0,2012-2013
8467545,Michael Ryder,Forward,Montreal Canadiens,19,46,0,16,16:02,16,16,2,0,0,0,0,0,0,2012-2013
8467831,Jeff Halpern,Forward,Montreal Canadiens,2,46,0,1,10:11,22,10,-8,0,0,0,0,0,0,2012-2013
8468635,Travis Moen,Forward,Montreal Canadiens,4,45,0,2,11:39,22,32,-4,0,0,0,0,0,0,2012-2013
8469474,Colby Armstrong,Forward,Montreal Canadiens,3,37,0,2,11:12,21,12,1,0,0,0,0,0,0,2012-2013
8469521,Tomas Plekanec,Forward,Montreal Canadiens,19,47,0,14,19:12,17,24,3,0,0,0,0,0,0,2012-2013
8470324,Josh Gorges,Defenseman,Montreal Canadiens,7,48,0,2,21:23,116,15,4,0,0,0,0,0,0,2012-2013
8471283,Brandon Prust,Forward,Montreal Canadiens,9,38,0,5,13:38,26,110,11,0,0,0,0,0,0,2012-2013
8471296,Alexei Emelin,Defenseman,Montreal Canadiens,9,38,0,3,19:40,47,33,2,0,0,0,0,0,0,2012-2013
8471504,Rene Bourque,Forward,Montreal Canadiens,6,27,0,7,16:19,11,32,-1,0,0,0,0,0,0,2012-2013
8471663,Mike Blunden,Forward,Montreal Canadiens,0,5,0,0,8:20,3,4,-1,0,0,0,0,0,0,2012-2013
8471976,David Desharnais,Forward,Montreal Canadiens,18,48,0,10,16:27,18,26,-2,0,0,0,0,0,0,2012-2013
8473466,Ryan White,Forward,Montreal Canadiens,0,26,0,1,9:24,15,67,1,0,0,0,0,0,0,2012-2013
8474056,P.K. Subban,Defenseman,Montreal Canadiens,27,42,0,11,23:14,49,57,12,0,0,0,0,0,0,2012-2013
8474134,Yannick Weber,Defenseman,Montreal Canadiens,2,6,0,0,13:45,4,2,-1,0,0,0,0,0,0,2012-2013
8474157,Max Pacioretty,Forward,Montreal Canadiens,24,44,0,15,16:30,16,28,8,0,0,0,0,0,0,2012-2013
8474189,Lars Eller,Forward,Montreal Canadiens,22,46,0,8,14:49,33,45,8,0,0,0,0,0,0,2012-2013
8474518,Davis Drewiske,Defenseman,Montreal Canadiens,5,29,0,2,15:11,35,14,3,0,0,0,0,0,0,2012-2013
8474688,Greg Pateryn,Defenseman,Montreal Canadiens,0,3,0,0,9:36,1,0,0,0,0,0,0,0,0,2012-2013
8475254,Gabriel Dumont,Forward,Montreal Canadiens,2,10,0,1,9:40,6,13,1,0,0,0,0,0,0,2012-2013
8475797,Jarred Tinordi,Defenseman,Montreal Canadiens,2,8,0,0,11:42,6,2,5,0,0,0,0,0,0,2012-2013
8475848,Brendan Gallagher,Forward,Montreal Canadiens,13,44,0,15,13:51,33,33,10,0,0,0,0,0,0,2012-2013
8476244,Raphael Diaz,Defenseman,Montreal Canadiens,13,23,0,1,20:33,44,6,4,0,0,0,0,0,0,2012-2013
8476470,Nathan Beaulieu,Defenseman,Montreal Canadiens,2,6,0,0,15:22,4,0,5,0,0,0,0,0,0,2012-2013
8476851,Alex Galchenyuk,Forward,Montreal Canadiens,18,48,0,9,12:19,25,20,14,0,0,0,0,0,0,2012-2013
8469514,Peter Budaj,Goalie,Montreal Canadiens,0,13,10,0,50:29:00,0,0,0,8,1,2.284902,273,25,1,2012-2013
8471679,Carey Price,Goalie,Montreal Canadiens,0,39,38,0,57:40:00,0,0,0,21,13,2.587798,1018,97,3,2012-2013
8458951,Sergei Gonchar,Defenseman,Ottawa Senators,24,45,0,3,23:59,65,26,4,0,0,0,0,0,0,2012-2013
8460621,Daniel Alfredsson,Forward,Ottawa Senators,16,47,0,10,19:20,30,33,1,0,0,0,0,0,0,2012-2013
8464956,Chris Phillips,Defenseman,Ottawa Senators,9,48,0,5,21:02,78,43,-5,0,0,0,0,0,0,2012-2013
8467493,Chris Neil,Forward,Ottawa Senators,8,48,0,4,13:51,10,144,0,0,0,0,0,0,0,2012-2013
8469455,Jason Spezza,Forward,Ottawa Senators,3,5,0,2,19:10,2,2,3,0,0,0,0,0,0,2012-2013
8470378,Andre Benoit,Defenseman,Ottawa Senators,7,33,0,3,16:25,54,8,-3,0,0,0,0,0,0,2012-2013
8470599,Milan Michalek,Forward,Ottawa Senators,10,23,0,4,18:11,13,17,8,0,0,0,0,0,0,2012-2013
8470760,Marc Methot,Defenseman,Ottawa Senators,9,47,0,2,22:13,81,31,2,0,0,0,0,0,0,2012-2013
8471299,Peter Regin,Forward,Ottawa Senators,3,27,0,0,11:31,8,8,-4,0,0,0,0,0,0,2012-2013
8471314,Mike Lundin,Defenseman,Ottawa Senators,1,11,0,0,15:30,7,0,-2,0,0,0,0,0,0,2012-2013
8471670,Guillaume Latendresse,Forward,Ottawa Senators,4,27,0,6,14:48,8,8,-2,0,0,0,0,0,0,2012-2013
8471719,Matt Kassian,Forward,Ottawa Senators,0,15,0,1,6:22,4,47,0,0,0,0,0,0,0,2012-2013
8471862,Colin Greening,Forward,Ottawa Senators,11,47,0,8,14:43,24,11,5,0,0,0,0,0,0,2012-2013
8473468,Eric Gryba,Defenseman,Ottawa Senators,4,33,0,2,20:16,37,26,-3,0,0,0,0,0,0,2012-2013
8473484,Kaspars Daugavins,Forward,Ottawa Senators,3,25,0,1,11:00,10,9,-8,0,0,0,0,0,0,2012-2013
8473588,Erik Condra,Forward,Ottawa Senators,8,48,0,4,13:10,32,34,3,0,0,0,0,0,0,2012-2013
8474024,Jim O'Brien,Forward,Ottawa Senators,1,29,0,5,11:25,13,8,-2,0,0,0,0,0,0,2012-2013
8474068,Kyle Turris,Forward,Ottawa Senators,17,48,0,12,19:38,20,24,6,0,0,0,0,0,0,2012-2013
8474250,Zack Smith,Forward,Ottawa Senators,11,48,0,4,15:08,22,56,-9,0,0,0,0,0,0,2012-2013
8474578,Erik Karlsson,Defenseman,Ottawa Senators,8,17,0,6,27:09:00,14,8,8,0,0,0,0,0,0,2012-2013
8474605,Patrick Wiercioch,Defenseman,Ottawa Senators,14,42,0,5,15:41,29,39,9,0,0,0,0,0,0,2012-2013
8474683,Derek Grant,Forward,Ottawa Senators,0,5,0,0,8:39,0,0,-1,0,0,0,0,0,0,2012-2013
8474697,Mark Borowiecki,Defenseman,Ottawa Senators,0,6,0,0,12:59,5,18,1,0,0,0,0,0,0,2012-2013
8474884,Mike Hoffman,Forward,Ottawa Senators,0,3,0,0,12:19,2,2,-1,0,0,0,0,0,0,2012-2013
8475164,Jakob Silfverberg,Forward,Ottawa Senators,9,48,0,10,16:13,13,12,9,0,0,0,0,0,0,2012-2013
8475174,Jared Cowen,Defenseman,Ottawa Senators,0,7,0,1,20:17,10,10,1,0,0,0,0,0,0,2012-2013
8475661,Dave Dziurzynski,Forward,Ottawa Senators,0,12,0,2,12:32,3,13,-1,0,0,0,0,0,0,2012-2013
8475913,Mark Stone,Forward,Ottawa Senators,0,4,0,0,10:00,0,2,-1,0,0,0,0,0,0,2012-2013
8476195,Cory Conacher,Forward,Ottawa Senators,18,47,0,11,13:58,9,20,3,0,0,0,0,0,0,2012-2013
8476205,Stephane Da Costa,Forward,Ottawa Senators,1,9,0,1,11:51,1,0,-3,0,0,0,0,0,0,2012-2013
8476419,Jean-Gabriel Pageau,Forward,Ottawa Senators,2,9,0,2,11:29,3,0,3,0,0,0,0,0,0,2012-2013
8476459,Mika Zibanejad,Forward,Ottawa Senators,13,42,0,7,13:33,19,6,9,0,0,0,0,0,0,2012-2013
8467950,Craig Anderson,Goalie,Ottawa Senators,0,24,24,0,59:11:00,0,0,0,12,9,1.689427,677,40,3,2012-2013
8471750,Ben Bishop,Goalie,Ottawa Senators,0,22,21,0,57:18:00,0,0,0,11,9,2.665327,701,56,2,2012-2013
8475215,Robin Lehner,Goalie,Ottawa Senators,0,12,12,0,61:14:00,0,0,0,5,3,2.204682,424,27,0,2012-2013
8468639,John-Michael Liles,Defenseman,Toronto Maple Leafs,9,32,0,2,18:46,52,4,-1,0,0,0,0,0,0,2012-2013
8468778,Colton Orr,Forward,Toronto Maple Leafs,3,44,0,1,6:23,17,155,4,0,0,0,0,0,0,2012-2013
8469460,Mike Komisarek,Defenseman,Toronto Maple Leafs,0,4,0,0,15:20,6,2,2,0,0,0,0,0,0,2012-2013
8469483,David Steckel,Forward,Toronto Maple Leafs,6,34,0,1,9:15,21,4,0,0,0,0,0,0,0,2012-2013
8469508,Jay McClement,Forward,Toronto Maple Leafs,9,48,0,8,15:14,39,11,0,0,0,0,0,0,0,2012-2013
8470207,Joffrey Lupul,Forward,Toronto Maple Leafs,7,16,0,11,16:07,7,12,8,0,0,0,0,0,0,2012-2013
8470602,Dion Phaneuf,Defenseman,Toronto Maple Leafs,19,48,0,9,25:10:00,91,65,-4,0,0,0,0,0,0,2012-2013
8470667,Clarke MacArthur,Forward,Toronto Maple Leafs,12,40,0,8,14:54,15,26,3,0,0,0,0,0,0,2012-2013
8470672,Ryan O'Byrne,Defenseman,Toronto Maple Leafs,4,42,0,2,18:31,69,60,-4,0,0,0,0,0,0,2012-2013
8471362,Mikhail Grabovski,Forward,Toronto Maple Leafs,7,48,0,9,15:34,20,24,-10,0,0,0,0,0,0,2012-2013
8471371,Mike Brown,Forward,Toronto Maple Leafs,1,39,0,1,7:31,13,123,-7,0,0,0,0,0,0,2012-2013
8471742,Cody Franson,Defenseman,Toronto Maple Leafs,25,45,0,4,18:47,59,8,4,0,0,0,0,0,0,2012-2013
8471748,Mark Fraser,Defenseman,Toronto Maple Leafs,8,45,0,0,16:57,102,85,18,0,0,0,0,0,0,2012-2013
8472424,Ryan Hamilton,Forward,Toronto Maple Leafs,2,10,0,0,10:51,7,0,1,0,0,0,0,0,0,2012-2013
8473463,Leo Komarov,Forward,Toronto Maple Leafs,5,42,0,4,13:56,24,18,-1,0,0,0,0,0,0,2012-2013
8473548,Phil Kessel,Forward,Toronto Maple Leafs,32,48,0,20,19:48,23,18,-3,0,0,0,0,0,0,2012-2013
8473560,Korbinian Holzer,Defenseman,Toronto Maple Leafs,1,22,0,2,18:30,54,28,-12,0,0,0,0,0,0,2012-2013
8473579,Nikolay Kulemin,Forward,Toronto Maple Leafs,16,48,0,7,16:44,47,22,-5,0,0,0,0,0,0,2012-2013
8473712,Frazer McLaren,Forward,Toronto Maple Leafs,2,36,0,3,5:12,9,102,0,0,0,0,0,0,0,2012-2013
8474037,James van Riemsdyk,Forward,Toronto Maple Leafs,14,48,0,18,19:12,15,26,-7,0,0,0,0,0,0,2012-2013
8474125,Carl Gunnarsson,Defenseman,Toronto Maple Leafs,14,37,0,1,21:16,71,14,5,0,0,0,0,0,0,2012-2013
8474192,Matt Frattin,Forward,Toronto Maple Leafs,6,25,0,7,13:13,11,4,6,0,0,0,0,0,0,2012-2013
8474497,Michael Kostka,Defenseman,Toronto Maple Leafs,8,35,0,0,22:04,66,27,-7,0,0,0,0,0,0,2012-2013
8474577,Joe Colborne,Forward,Toronto Maple Leafs,0,5,0,0,9:07,0,2,-1,0,0,0,0,0,0,2012-2013
8474581,Jake Gardiner,Defenseman,Toronto Maple Leafs,4,12,0,0,20:28,15,0,0,0,0,0,0,0,0,2012-2013
8475098,Tyler Bozak,Forward,Toronto Maple Leafs,16,46,0,12,20:18,23,6,-1,0,0,0,0,0,0,2012-2013
8475172,Nazem Kadri,Forward,Toronto Maple Leafs,26,48,0,18,16:03,22,23,15,0,0,0,0,0,0,2012-2013
8473503,James Reimer,Goalie,Toronto Maple Leafs,0,33,31,0,56:14:00,0,0,0,19,8,2.456698,995,76,4,2012-2013
8475680,Jussi Rynnas,Goalie,Toronto Maple Leafs,0,1,0,0,10:20,0,0,0,0,0,0,6,0,0,2012-2013
8475681,Ben Scrivens,Goalie,Toronto Maple Leafs,0,20,17,0,51:14:00,0,0,0,7,9,2.693077,542,46,2,2012-2013
8466215,Joe Corvo,Defenseman,Carolina Hurricanes,11,40,0,6,18:45,38,14,-3,0,0,0,0,0,0,2012-2013
8467925,Adam Hall,Forward,Carolina Hurricanes,4,37,0,0,10:31,26,23,0,0,0,0,0,0,0,2012-2013
8469462,Tuomo Ruutu,Forward,Carolina Hurricanes,5,17,0,4,15:14,7,8,-6,0,0,0,0,0,0,2012-2013
8469476,Tim Gleason,Defenseman,Carolina Hurricanes,9,42,0,0,19:34,64,40,-3,0,0,0,0,0,0,2012-2013
8469531,Jay Harrison,Defenseman,Carolina Hurricanes,7,47,0,3,19:54,110,51,-10,0,0,0,0,0,0,2012-2013
8469638,Jussi Jokinen,Forward,Carolina Hurricanes,9,43,0,13,15:25,22,24,-5,0,0,0,0,0,0,2012-2013
8469765,Marc-Andre Bergeron,Defenseman,Carolina Hurricanes,8,25,0,1,13:45,19,9,-4,0,0,0,0,0,0,2012-2013
8469812,Chad LaRose,Forward,Carolina Hurricanes,2,35,0,2,12:50,6,29,-8,0,0,0,0,0,0,2012-2013
8470120,Alexander Semin,Forward,Carolina Hurricanes,31,44,0,13,20:56,21,46,14,0,0,0,0,0,0,2012-2013
8470137,Joni Pitkanen,Defenseman,Carolina Hurricanes,8,22,0,1,22:49,34,12,2,0,0,0,0,0,0,2012-2013
8470283,Tim Brent,Forward,Carolina Hurricanes,3,30,0,0,9:47,15,8,-3,0,0,0,0,0,0,2012-2013
8470302,Patrick Dwyer,Forward,Carolina Hurricanes,8,46,0,8,15:25,28,12,-7,0,0,0,0,0,0,2012-2013
8470595,Eric Staal,Forward,Carolina Hurricanes,35,48,0,18,20:59,24,54,5,0,0,0,0,0,0,2012-2013
8471752,Marc-Andre Gragnani,Defenseman,Carolina Hurricanes,0,1,0,0,7:53,0,0,0,0,0,0,0,0,0,2012-2013
8471840,Brett Sutter,Forward,Carolina Hurricanes,0,3,0,0,8:20,0,4,-1,0,0,0,0,0,0,2012-2013
8471853,Nicolas Blanchard,Forward,Carolina Hurricanes,0,9,0,0,8:40,2,20,-2,0,0,0,0,0,0,2012-2013
8473482,Jiri Tlusty,Forward,Carolina Hurricanes,15,48,0,23,18:14,41,18,15,0,0,0,0,0,0,2012-2013
8473533,Jordan Staal,Forward,Carolina Hurricanes,21,48,0,10,20:06,20,32,-18,0,0,0,0,0,0,2012-2013
8473568,Andreas Nodl,Forward,Carolina Hurricanes,1,8,0,0,8:28,3,2,-1,0,0,0,0,0,0,2012-2013
8473571,Jamie McBain,Defenseman,Carolina Hurricanes,7,40,0,1,18:25,63,12,0,0,0,0,0,0,0,2012-2013
8473610,Bobby Sanguinetti,Defenseman,Carolina Hurricanes,4,37,0,2,14:45,40,4,-6,0,0,0,0,0,0,2012-2013
8473734,Tim Wallace,Forward,Carolina Hurricanes,1,28,0,1,10:01,4,17,-9,0,0,0,0,0,0,2012-2013
8473908,Kevin Westgarth,Forward,Carolina Hurricanes,2,31,0,2,5:43,1,45,1,0,0,0,0,0,0,2012-2013
8474052,Chris Terry,Forward,Carolina Hurricanes,0,3,0,1,9:36,1,0,0,0,0,0,0,0,0,2012-2013
8474062,Riley Nash,Forward,Carolina Hurricanes,5,32,0,4,12:48,10,8,-4,0,0,0,0,0,0,2012-2013
8474135,Brett Bellemore,Defenseman,Carolina Hurricanes,2,8,0,0,13:45,13,7,-2,0,0,0,0,0,0,2012-2013
8474137,Drayson Bowman,Forward,Carolina Hurricanes,2,37,0,3,11:42,14,17,-7,0,0,0,0,0,0,2012-2013
8474576,Zach Boychuk,Forward,Carolina Hurricanes,1,13,0,1,12:18,2,6,-1,0,0,0,0,0,0,2012-2013
8474610,Zac Dalpe,Forward,Carolina Hurricanes,2,10,0,1,12:18,4,0,-7,0,0,0,0,0,0,2012-2013
8474615,Jared Staal,Forward,Carolina Hurricanes,0,2,0,0,13:23,1,2,-2,0,0,0,0,0,0,2012-2013
8474661,Michal Jordan,Defenseman,Carolina Hurricanes,0,5,0,0,10:41,2,2,-2,0,0,0,0,0,0,2012-2013
8475753,Justin Faulk,Defenseman,Carolina Hurricanes,10,38,0,5,24:00:00,47,15,1,0,0,0,0,0,0,2012-2013
8475784,Jeff Skinner,Forward,Carolina Hurricanes,11,42,0,13,18:27,11,26,-21,0,0,0,0,0,0,2012-2013
8476465,Ryan Murphy,Defenseman,Carolina Hurricanes,0,4,0,0,21:03,9,2,-4,0,0,0,0,0,0,2012-2013
8476819,Jeremy Welsh,Forward,Carolina Hurricanes,1,5,0,0,5:50,0,0,1,0,0,0,0,0,0,2012-2013
8468540,Dan Ellis,Goalie,Carolina Hurricanes,0,19,16,0,52:28:00,0,0,0,6,8,3.129179,555,52,1,2012-2013
8470320,Cam Ward,Goalie,Carolina Hurricanes,0,17,16,0,54:40:00,0,0,0,9,6,2.840389,477,44,0,2012-2013
8471251,Justin Peters,Goalie,Carolina Hurricanes,0,19,16,0,50:13:00,0,0,0,4,11,3.45767,506,55,1,2012-2013
8458529,Alex Kovalev,Forward,Florida Panthers,3,14,0,2,15:36,5,6,-1,0,0,0,0,0,0,2012-2013
8460492,Ed Jovanovski,Defenseman,Florida Panthers,1,6,0,0,15:39,8,0,-4,0,0,0,0,0,0,2012-2013
8462225,Filip Kuba,Defenseman,Florida Panthers,9,44,0,1,21:13,69,24,-18,0,0,0,0,0,0,2012-2013
8466285,Brian Campbell,Defenseman,Florida Panthers,19,48,0,8,26:25:00,65,12,-22,0,0,0,0,0,0,2012-2013
8467910,Nolan Yonkman,Defenseman,Florida Panthers,0,7,0,0,9:46,2,11,-1,0,0,0,0,0,0,2012-2013
8468095,George Parros,Forward,Florida Panthers,1,39,0,1,6:36,13,57,-15,0,0,0,0,0,0,2012-2013
8468162,Jerred Smithson,Forward,Florida Panthers,3,45,0,3,10:39,30,12,-4,0,0,0,0,0,0,2012-2013
8468478,Mike Weaver,Defenseman,Florida Panthers,8,27,0,1,20:08,51,8,-3,0,0,0,0,0,0,2012-2013
8468518,Tomas Kopecky,Forward,Florida Panthers,12,47,0,15,17:41,25,28,-8,0,0,0,0,0,0,2012-2013
8469457,Stephen Weiss,Forward,Florida Panthers,3,17,0,1,18:27,10,25,-13,0,0,0,0,0,0,2012-2013
8469473,Marcel Goc,Forward,Florida Panthers,10,42,0,9,18:16,20,8,-6,0,0,0,0,0,0,2012-2013
8470039,Tomas Fleischmann,Forward,Florida Panthers,23,48,0,12,18:44,10,16,-10,0,0,0,0,0,0,2012-2013
8470105,Scottie Upshall,Forward,Florida Panthers,1,27,0,4,13:29,6,25,-8,0,0,0,0,0,0,2012-2013
8470729,Tyson Strachan,Defenseman,Florida Panthers,4,38,0,0,18:57,62,40,-13,0,0,0,0,0,0,2012-2013
8471346,Kris Versteeg,Forward,Florida Panthers,2,10,0,2,16:53,3,8,-8,0,0,0,0,0,0,2012-2013
8471390,Mike Santorelli,Forward,Florida Panthers,2,34,0,2,11:51,3,2,-12,0,0,0,0,0,0,2012-2013
8471681,Jack Skille,Forward,Florida Panthers,9,40,0,3,13:19,15,11,-9,0,0,0,0,0,0,2012-2013
8473416,Michael Caruso,Defenseman,Florida Panthers,0,2,0,0,7:55,2,0,-1,0,0,0,0,0,0,2012-2013
8473526,Peter Mueller,Forward,Florida Panthers,9,43,0,8,16:15,10,18,-11,0,0,0,0,0,0,2012-2013
8473574,Shawn Matthias,Forward,Florida Panthers,7,48,0,14,15:11,21,16,-8,0,0,0,0,0,0,2012-2013
8473616,Jonathan Rheault,Forward,Florida Panthers,0,5,0,0,10:34,4,0,0,0,0,0,0,0,0,2012-2013
8473867,Greg Rallo,Forward,Florida Panthers,0,10,0,1,9:33,1,2,-5,0,0,0,0,0,0,2012-2013
8474113,TJ Brennan,Defenseman,Florida Panthers,7,29,0,3,16:41,32,8,-9,0,0,0,0,0,0,2012-2013
8474184,Keaton Ellerby,Defenseman,Florida Panthers,3,44,0,0,14:28,43,52,3,0,0,0,0,0,0,2012-2013
8474554,Eric Selleck,Forward,Florida Panthers,1,2,0,0,7:55,0,17,2,0,0,0,0,0,0,2012-2013
8474606,Colby Robak,Defenseman,Florida Panthers,1,16,0,0,15:10,13,17,-1,0,0,0,0,0,0,2012-2013
8475179,Dmitry Kulikov,Defenseman,Florida Panthers,7,34,0,3,20:58,49,22,-5,0,0,0,0,0,0,2012-2013
8475213,Drew Shore,Forward,Florida Panthers,10,43,0,3,15:48,18,14,-10,0,0,0,0,0,0,2012-2013
8475304,Scott Timmins,Forward,Florida Panthers,0,5,0,0,10:35,5,4,-2,0,0,0,0,0,0,2012-2013
8475755,Alexander Petrovic,Defenseman,Florida Panthers,0,6,0,0,18:46,4,25,-8,0,0,0,0,0,0,2012-2013
8475760,Nick Bjugstad,Forward,Florida Panthers,0,11,0,1,15:12,2,2,-8,0,0,0,0,0,0,2012-2013
8475769,Quinton Howden,Forward,Florida Panthers,0,18,0,0,10:27,6,2,-11,0,0,0,0,0,0,2012-2013
8475790,Erik Gudbranson,Defenseman,Florida Panthers,4,32,0,0,18:44,32,47,-22,0,0,0,0,0,0,2012-2013
8476456,Jonathan Huberdeau,Forward,Florida Panthers,17,48,0,14,16:55,19,18,-15,0,0,0,0,0,0,2012-2013
8460535,Jose Theodore,Goalie,Florida Panthers,0,15,14,0,51:05:00,0,0,0,4,6,3.287814,391,42,0,2012-2013
8466339,Scott Clemmensen,Goalie,Florida Panthers,0,19,11,0,45:36:00,0,0,0,3,7,3.67029,421,53,0,2012-2013
8474593,Jacob Markstrom,Goalie,Florida Panthers,0,23,23,0,55:01:00,0,0,0,8,14,3.223385,685,68,0,2012-2013
8465202,Sami Salo,Defenseman,Tampa Bay Lightning,15,46,0,2,20:59,65,16,5,0,0,0,0,0,0,2012-2013
8466142,Eric Brewer,Defenseman,Tampa Bay Lightning,8,48,0,4,20:30,94,32,3,0,0,0,0,0,0,2012-2013
8466378,Martin St. Louis,Forward,Tampa Bay Lightning,43,48,0,17,21:59,32,14,0,0,0,0,0,0,0,2012-2013
8467329,Vincent Lecavalier,Forward,Tampa Bay Lightning,22,39,0,10,17:52,13,29,-5,0,0,0,0,0,0,2012-2013
8467925,Adam Hall,Forward,Tampa Bay Lightning,4,37,0,0,10:31,26,23,0,0,0,0,0,0,0,2012-2013
8467988,Ryan Malone,Forward,Tampa Bay Lightning,2,24,0,6,15:44,9,22,-3,0,0,0,0,0,0,2012-2013
8469765,Marc-Andre Bergeron,Defenseman,Tampa Bay Lightning,8,25,0,1,13:45,19,9,-4,0,0,0,0,0,0,2012-2013
8470640,Matt Carle,Defenseman,Tampa Bay Lightning,17,48,0,5,23:44,87,4,1,0,0,0,0,0,0,2012-2013
8470647,B.J. Crombeen,Forward,Tampa Bay Lightning,7,44,0,1,11:04,15,112,4,0,0,0,0,0,0,2012-2013
8470775,Nate Thompson,Forward,Tampa Bay Lightning,8,45,0,7,14:20,31,17,-2,0,0,0,0,0,0,2012-2013
8470804,Mathieu Roy,Defenseman,Tampa Bay Lightning,0,1,0,0,14:07,0,0,-1,0,0,0,0,0,0,2012-2013
8471312,JT Wyman,Forward,Tampa Bay Lightning,0,1,0,0,13:31,0,0,-1,0,0,0,0,0,0,2012-2013
8471678,Benoit Pouliot,Forward,Tampa Bay Lightning,12,34,0,8,13:14,6,15,8,0,0,0,0,0,0,2012-2013
8471683,Brian Lee,Defenseman,Tampa Bay Lightning,0,22,0,0,13:55,28,16,-13,0,0,0,0,0,0,2012-2013
8471705,Brendan Mikkelson,Defenseman,Tampa Bay Lightning,1,4,0,0,9:45,5,6,1,0,0,0,0,0,0,2012-2013
8471768,Tom Pyatt,Forward,Tampa Bay Lightning,8,43,0,8,13:34,36,12,5,0,0,0,0,0,0,2012-2013
8471916,Mike Angelidis,Forward,Tampa Bay Lightning,0,1,0,0,7:22,0,0,0,0,0,0,0,0,0,2012-2013
8473962,Teddy Purcell,Forward,Tampa Bay Lightning,25,48,0,11,16:44,7,12,-1,0,0,0,0,0,0,2012-2013
8473986,Alex Killorn,Forward,Tampa Bay Lightning,12,38,0,7,16:49,22,14,-6,0,0,0,0,0,0,2012-2013
8474048,Keith Aulie,Defenseman,Tampa Bay Lightning,5,45,0,2,12:49,42,60,1,0,0,0,0,0,0,2012-2013
8474095,Dana Tyrell,Forward,Tampa Bay Lightning,3,21,0,1,10:21,2,4,-3,0,0,0,0,0,0,2012-2013
8474201,Pierre-Cedric Labrie,Forward,Tampa Bay Lightning,1,19,0,2,8:33,6,30,2,0,0,0,0,0,0,2012-2013
8474564,Steven Stamkos,Forward,Tampa Bay Lightning,28,48,0,29,22:01,17,32,-4,0,0,0,0,0,0,2012-2013
8474717,Mark Barberio,Defenseman,Tampa Bay Lightning,0,2,0,0,15:29,1,0,-2,0,0,0,0,0,0,2012-2013
8474870,Tyler Johnson,Forward,Tampa Bay Lightning,3,14,0,3,13:04,4,4,3,0,0,0,0,0,0,2012-2013
8475060,Matt Taormina,Defenseman,Tampa Bay Lightning,0,2,0,0,16:38,3,0,-1,0,0,0,0,0,0,2012-2013
8475167,Victor Hedman,Defenseman,Tampa Bay Lightning,16,44,0,4,22:39,84,31,1,0,0,0,0,0,0,2012-2013
8475209,Richard Panik,Forward,Tampa Bay Lightning,4,25,0,5,11:19,13,4,-2,0,0,0,0,0,0,2012-2013
8475462,Radko Gudas,Defenseman,Tampa Bay Lightning,3,22,0,2,16:59,28,38,3,0,0,0,0,0,0,2012-2013
8475792,Brett Connolly,Forward,Tampa Bay Lightning,0,5,0,1,10:16,1,0,-3,0,0,0,0,0,0,2012-2013
8476195,Cory Conacher,Forward,Tampa Bay Lightning,18,47,0,11,13:58,9,20,3,0,0,0,0,0,0,2012-2013
8476292,Ondrej Palat,Forward,Tampa Bay Lightning,2,14,0,2,11:44,1,0,5,0,0,0,0,0,0,2012-2013
8477205,Andrej Sustr,Defenseman,Tampa Bay Lightning,0,2,0,0,10:43,1,0,1,0,0,0,0,0,0,2012-2013
8464999,Mathieu Garon,Goalie,Tampa Bay Lightning,0,18,16,0,50:33:00,0,0,0,5,9,2.900886,427,44,0,2012-2013
8471750,Ben Bishop,Goalie,Tampa Bay Lightning,0,22,21,0,57:18:00,0,0,0,11,9,2.665327,701,56,2,2012-2013
8473638,Cedrick Desjardins,Goalie,Tampa Bay Lightning,0,3,2,0,53:22:00,0,0,0,0,3,2.998126,73,8,0,2012-2013
8474765,Anders Lindback,Goalie,Tampa Bay Lightning,0,24,21,0,54:20:00,0,0,0,10,10,2.898366,642,63,0,2012-2013
8458938,Roman Hamrlik,Defenseman,Washington Capitals,1,16,0,0,11:28,14,8,-4,0,0,0,0,0,0,2012-2013
8465012,Tom Poti,Defenseman,Washington Capitals,2,16,0,0,15:13,15,2,-2,0,0,0,0,0,0,2012-2013
8466251,Jason Chimera,Forward,Washington Capitals,11,47,0,3,12:40,12,48,-5,0,0,0,0,0,0,2012-2013
8467365,John Erskine,Defenseman,Washington Capitals,3,30,0,3,18:27,62,34,10,0,0,0,0,0,0,2012-2013
8467371,Mike Ribeiro,Forward,Washington Capitals,36,48,0,13,17:50,29,53,-4,0,0,0,0,0,0,2012-2013
8468064,Martin Erat,Forward,Washington Capitals,19,45,0,5,17:55,12,30,-7,0,0,0,0,0,0,2012-2013
8468208,Joel Ward,Forward,Washington Capitals,12,39,0,8,15:07,28,12,7,0,0,0,0,0,0,2012-2013
8468611,Matt Hendricks,Forward,Washington Capitals,3,48,0,5,11:43,31,73,-6,0,0,0,0,0,0,2012-2013
8469639,Brooks Laich,Forward,Washington Capitals,3,9,0,1,16:32,6,6,2,0,0,0,0,0,0,2012-2013
8470156,Joey Crabb,Forward,Washington Capitals,0,26,0,2,9:25,17,8,-1,0,0,0,0,0,0,2012-2013
8470611,Eric Fehr,Forward,Washington Capitals,8,41,0,9,13:22,22,10,14,0,0,0,0,0,0,2012-2013
8471214,Alex Ovechkin,Forward,Washington Capitals,24,48,0,32,20:53,18,36,2,0,0,0,0,0,0,2012-2013
8471234,Wojtek Wolski,Forward,Washington Capitals,5,27,0,4,13:21,9,6,1,0,0,0,0,0,0,2012-2013
8471240,Jeff Schultz,Defenseman,Washington Capitals,3,26,0,0,14:15,25,12,-6,0,0,0,0,0,0,2012-2013
8471242,Mike Green,Defenseman,Washington Capitals,14,35,0,12,24:51:00,61,20,-3,0,0,0,0,0,0,2012-2013
8471426,Troy Brouwer,Forward,Washington Capitals,14,47,0,19,18:32,23,28,-5,0,0,0,0,0,0,2012-2013
8473563,Nicklas Backstrom,Forward,Washington Capitals,40,48,0,8,19:54,35,20,8,0,0,0,0,0,0,2012-2013
8473618,Mathieu Perreault,Forward,Washington Capitals,11,39,0,6,11:40,8,20,7,0,0,0,0,0,0,2012-2013
8473991,Karl Alzner,Defenseman,Washington Capitals,4,48,0,1,20:57,85,14,-6,0,0,0,0,0,0,2012-2013
8474291,Jay Beagle,Forward,Washington Capitals,6,48,0,2,12:06,23,14,-1,0,0,0,0,0,0,2012-2013
8474519,Jack Hillen,Defenseman,Washington Capitals,6,23,0,3,17:36,35,14,9,0,0,0,0,0,0,2012-2013
8474590,John Carlson,Defenseman,Washington Capitals,16,48,0,6,23:01,123,18,11,0,0,0,0,0,0,2012-2013
8474649,Tomas Kundratek,Defenseman,Washington Capitals,6,25,0,1,16:08,23,8,-5,0,0,0,0,0,0,2012-2013
8475149,Marcus Johansson,Forward,Washington Capitals,16,34,0,6,16:35,6,4,3,0,0,0,0,0,0,2012-2013
8475200,Dmitry Orlov,Defenseman,Washington Capitals,1,5,0,0,14:56,4,0,5,0,0,0,0,0,0,2012-2013
8475619,Aaron Volpatti,Forward,Washington Capitals,1,33,0,1,8:20,10,35,-2,0,0,0,0,0,0,2012-2013
8476162,Steve Oleksy,Defenseman,Washington Capitals,8,28,0,1,17:16,52,33,9,0,0,0,0,0,0,2012-2013
8476799,Cameron Schilling,Defenseman,Washington Capitals,0,1,0,0,11:58,1,0,-1,0,0,0,0,0,0,2012-2013
8473607,Michal Neuvirth,Goalie,Washington Capitals,0,13,12,0,55:37:00,0,0,0,4,5,2.738084,367,33,0,2012-2013
8474651,Braden Holtby,Goalie,Washington Capitals,0,36,35,0,58:02:00,0,0,0,23,12,2.58468,1123,90,4,2012-2013
8475831,Philipp Grubauer,Goalie,Washington Capitals,0,2,1,0,41:59:00,0,0,0,0,1,3.572846,59,5,0,2012-2013
8459514,Jamal Mayers,Forward,Chicago Blackhawks,2,19,0,0,6:58,4,16,2,0,0,0,0,0,0,2012-2013
8462129,Michal Handzus,Forward,Chicago Blackhawks,6,39,0,2,13:08,30,16,-2,0,0,0,0,0,0,2012-2013
8465058,Michal Rozsival,Defenseman,Chicago Blackhawks,12,27,0,0,18:06,28,14,18,0,0,0,0,0,0,2012-2013
8466148,Marian Hossa,Forward,Chicago Blackhawks,14,40,0,17,18:02,13,16,20,0,0,0,0,0,0,2012-2013
8469544,Patrick Sharp,Forward,Chicago Blackhawks,14,28,0,6,18:49,12,14,8,0,0,0,0,0,0,2012-2013
8469665,Johnny Oduya,Defenseman,Chicago Blackhawks,9,48,0,3,20:31,79,10,12,0,0,0,0,0,0,2012-2013
8469992,Sheldon Brookbank,Defenseman,Chicago Blackhawks,0,26,0,1,12:45,34,21,-2,0,0,0,0,0,0,2012-2013
8470281,Duncan Keith,Defenseman,Chicago Blackhawks,24,47,0,3,24:06:00,66,31,16,0,0,0,0,0,0,2012-2013
8470607,Brent Seabrook,Defenseman,Chicago Blackhawks,12,47,0,8,21:59,103,23,12,0,0,0,0,0,0,2012-2013
8470666,Daniel Carcillo,Forward,Chicago Blackhawks,1,23,0,2,8:59,6,11,1,0,0,0,0,0,0,2012-2013
8471245,Dave Bolland,Forward,Chicago Blackhawks,7,35,0,7,16:20,18,22,-7,0,0,0,0,0,0,2012-2013
8471254,Bryan Bickell,Forward,Chicago Blackhawks,14,48,0,9,12:48,13,25,12,0,0,0,0,0,0,2012-2013
8471769,Niklas Hjalmarsson,Defenseman,Chicago Blackhawks,8,46,0,2,20:54,94,22,15,0,0,0,0,0,0,2012-2013
8473537,Viktor Stalberg,Forward,Chicago Blackhawks,14,47,0,9,14:07,14,25,16,0,0,0,0,0,0,2012-2013
8473564,Michael Frolik,Forward,Chicago Blackhawks,7,45,0,3,12:31,23,8,5,0,0,0,0,0,0,2012-2013
8473604,Jonathan Toews,Forward,Chicago Blackhawks,25,47,0,23,19:20,16,27,28,0,0,0,0,0,0,2012-2013
8474141,Patrick Kane,Forward,Chicago Blackhawks,32,47,0,23,20:03,9,8,11,0,0,0,0,0,0,2012-2013
8474625,Jimmy Hayes,Forward,Chicago Blackhawks,3,10,0,1,14:19,9,0,0,0,0,0,0,0,0,2012-2013
8474629,Shawn Lalonde,Defenseman,Chicago Blackhawks,0,1,0,0,14:47,0,0,1,0,0,0,0,0,0,2012-2013
8474727,Ben Smith,Forward,Chicago Blackhawks,0,1,0,1,18:21,0,0,1,0,0,0,0,0,0,2012-2013
8475181,Nick Leddy,Defenseman,Chicago Blackhawks,12,48,0,6,17:25,39,10,15,0,0,0,0,0,0,2012-2013
8475204,Brandon Pirri,Forward,Chicago Blackhawks,0,1,0,0,17:55,1,0,0,0,0,0,0,0,0,2012-2013
8475214,Jeremy Morin,Forward,Chicago Blackhawks,1,3,0,1,13:01,1,0,1,0,0,0,0,0,0,2012-2013
8475323,Marcus Kruger,Forward,Chicago Blackhawks,9,47,0,4,14:09,29,24,3,0,0,0,0,0,0,2012-2013
8475598,Ryan Stanton,Defenseman,Chicago Blackhawks,0,1,0,0,17:05,2,2,1,0,0,0,0,0,0,2012-2013
8475650,Brandon Bollig,Forward,Chicago Blackhawks,0,25,0,0,8:00,6,51,-1,0,0,0,0,0,0,2012-2013
8476381,Andrew Shaw,Forward,Chicago Blackhawks,6,48,0,9,15:03,14,38,6,0,0,0,0,0,0,2012-2013
8476438,Brandon Saad,Forward,Chicago Blackhawks,17,46,0,10,16:27,12,12,17,0,0,0,0,0,0,2012-2013
8477243,Drew LeBlanc,Forward,Chicago Blackhawks,0,2,0,0,13:20,0,0,-3,0,0,0,0,0,0,2012-2013
8469548,Ray Emery,Goalie,Chicago Blackhawks,0,21,19,0,53:08:00,0,0,0,17,1,1.935484,460,36,3,2012-2013
8470645,Corey Crawford,Goalie,Chicago Blackhawks,0,30,28,0,58:41:00,0,0,0,19,5,1.942612,769,57,3,2012-2013
8475622,Carter Hutton,Goalie,Chicago Blackhawks,0,1,1,0,58:44:00,0,0,0,0,1,3.064699,28,3,0,2012-2013
8459444,Todd Bertuzzi,Forward,Detroit Red Wings,1,7,0,2,15:31,1,2,3,0,0,0,0,0,0,2012-2013
8466149,Daniel Cleary,Forward,Detroit Red Wings,6,48,0,9,16:26,21,40,-6,0,0,0,0,0,0,2012-2013
8467463,Mikael Samuelsson,Forward,Detroit Red Wings,1,4,0,0,12:51,1,0,-3,0,0,0,0,0,0,2012-2013
8467478,Kent Huskins,Defenseman,Detroit Red Wings,1,19,0,0,15:39,37,4,-3,0,0,0,0,0,0,2012-2013
8467514,Pavel Datsyuk,Forward,Detroit Red Wings,34,47,0,15,20:10,30,14,21,0,0,0,0,0,0,2012-2013
8468083,Henrik Zetterberg,Forward,Detroit Red Wings,37,46,0,11,20:31,10,18,2,0,0,0,0,0,0,2012-2013
8468509,Niklas Kronwall,Defenseman,Detroit Red Wings,24,48,0,5,24:21:00,83,44,-5,0,0,0,0,0,0,2012-2013
8469470,Carlo Colaiacovo,Defenseman,Detroit Red Wings,1,6,0,0,18:54,10,2,-4,0,0,0,0,0,0,2012-2013
8469547,Jordin Tootoo,Forward,Detroit Red Wings,5,42,0,3,9:04,7,78,0,0,0,0,0,0,0,2012-2013
8470047,Valtteri Filppula,Forward,Detroit Red Wings,8,41,0,9,17:46,12,6,-4,0,0,0,0,0,0,2012-2013
8470273,Ian White,Defenseman,Detroit Red Wings,2,25,0,2,19:35,32,4,5,0,0,0,0,0,0,2012-2013
8470318,Jonathan Ericsson,Defenseman,Detroit Red Wings,10,45,0,3,21:19,40,29,6,0,0,0,0,0,0,2012-2013
8470622,Patrick Eaves,Forward,Detroit Red Wings,6,34,0,2,10:34,11,4,-1,0,0,0,0,0,0,2012-2013
8470724,Kyle Quincey,Defenseman,Detroit Red Wings,2,36,0,1,19:13,46,18,7,0,0,0,0,0,0,2012-2013
8470778,Drew Miller,Forward,Detroit Red Wings,4,44,0,4,13:49,41,2,-8,0,0,0,0,0,0,2012-2013
8471309,Johan Franzen,Forward,Detroit Red Wings,17,41,0,14,18:05,17,41,13,0,0,0,0,0,0,2012-2013
8471693,Jakub Kindl,Defenseman,Detroit Red Wings,9,41,0,4,18:33,33,28,15,0,0,0,0,0,0,2012-2013
8471716,Justin Abdelkader,Forward,Detroit Red Wings,3,48,0,10,14:48,13,34,6,0,0,0,0,0,0,2012-2013
8471794,Darren Helm,Forward,Detroit Red Wings,0,1,0,0,12:27,0,2,0,0,0,0,0,0,0,2012-2013
8473558,Cory Emmerton,Forward,Detroit Red Wings,3,48,0,5,10:48,26,4,-1,0,0,0,0,0,0,2012-2013
8473569,Jan Mursak,Forward,Detroit Red Wings,0,2,0,0,5:38,0,4,0,0,0,0,0,0,0,2012-2013
8474090,Brendan Smith,Defenseman,Detroit Red Wings,8,34,0,0,18:24,35,36,1,0,0,0,0,0,0,2012-2013
8474168,Joakim Andersson,Forward,Detroit Red Wings,5,38,0,3,12:05,12,8,2,0,0,0,0,0,0,2012-2013
8474679,Gustav Nyquist,Forward,Detroit Red Wings,3,22,0,3,13:02,3,6,0,0,0,0,0,0,0,2012-2013
8474873,Brian Lashoff,Defenseman,Detroit Red Wings,4,31,0,1,17:47,43,15,-10,0,0,0,0,0,0,2012-2013
8475193,Tomas Tatar,Forward,Detroit Red Wings,3,18,0,4,11:22,5,4,2,0,0,0,0,0,0,2012-2013
8475772,Riley Sheahan,Forward,Detroit Red Wings,0,1,0,0,6:47,0,0,0,0,0,0,0,0,0,2012-2013
8477059,Damien Brunner,Forward,Detroit Red Wings,14,44,0,12,15:35,2,12,-6,0,0,0,0,0,0,2012-2013
8477215,Danny DeKeyser,Defenseman,Detroit Red Wings,1,11,0,0,18:02,9,2,4,0,0,0,0,0,0,2012-2013
8470657,Jimmy Howard,Goalie,Detroit Red Wings,0,42,42,0,58:13:00,0,0,0,21,13,2.134329,1129,87,5,2012-2013
8475361,Jonas Gustavsson,Goalie,Detroit Red Wings,0,7,4,0,49:53:00,0,0,0,2,2,2.920544,140,17,0,2012-2013
8475852,Petr Mrazek,Goalie,Detroit Red Wings,0,2,2,0,59:34:00,0,0,0,1,1,2.014268,51,4,0,2012-2013
8459628,Hal Gill,Defenseman,Nashville Predators,0,32,0,0,13:23,38,12,-3,0,0,0,0,0,0,2012-2013
8466158,Scott Hannan,Defenseman,Nashville Predators,1,33,0,0,19:20,54,22,-14,0,0,0,0,0,0,2012-2013
8467330,David Legwand,Forward,Nashville Predators,13,48,0,12,18:25,20,20,-6,0,0,0,0,0,0,2012-2013
8467370,Mike Fisher,Forward,Nashville Predators,11,38,0,10,19:27,46,27,6,0,0,0,0,0,0,2012-2013
8467977,Brian McGrattan,Forward,Nashville Predators,0,21,0,3,7:06,6,49,-4,0,0,0,0,0,0,2012-2013
8468064,Martin Erat,Forward,Nashville Predators,19,45,0,5,17:55,12,30,-7,0,0,0,0,0,0,2012-2013
8468700,Paul Gaustad,Forward,Nashville Predators,3,23,0,2,15:13,19,20,-1,0,0,0,0,0,0,2012-2013
8470630,Kevin Klein,Defenseman,Nashville Predators,11,47,0,3,20:25,89,9,-1,0,0,0,0,0,0,2012-2013
8470642,Shea Weber,Defenseman,Nashville Predators,19,48,0,9,25:55:00,90,48,-2,0,0,0,0,0,0,2012-2013
8471450,Brandon Yip,Forward,Nashville Predators,5,34,0,3,12:02,7,26,-3,0,0,0,0,0,0,2012-2013
8471733,Rich Clune,Forward,Nashville Predators,5,47,0,4,9:24,6,113,3,0,0,0,0,0,0,2012-2013
8471859,Sergei Kostitsyn,Forward,Nashville Predators,12,46,0,3,16:43,25,11,-5,0,0,0,0,0,0,2012-2013
8471887,Patric Hornqvist,Forward,Nashville Predators,10,24,0,4,16:13,9,14,-1,0,0,0,0,0,0,2012-2013
8471912,Kevin Henderson,Forward,Nashville Predators,0,4,0,1,14:41,1,0,-1,0,0,0,0,0,0,2012-2013
8473658,Victor Bartley,Defenseman,Nashville Predators,7,24,0,0,19:32,28,6,2,0,0,0,0,0,0,2012-2013
8474094,Matt Halischuk,Forward,Nashville Predators,6,36,0,5,11:57,21,10,1,0,0,0,0,0,0,2012-2013
8474096,Nick Spaling,Forward,Nashville Predators,4,47,0,9,15:51,21,18,-10,0,0,0,0,0,0,2012-2013
8474164,Jonathon Blum,Defenseman,Nashville Predators,6,35,0,1,14:17,44,6,-1,0,0,0,0,0,0,2012-2013
8474535,Chris Mueller,Forward,Nashville Predators,3,18,0,2,10:42,15,6,-4,0,0,0,0,0,0,2012-2013
8474569,Colin Wilson,Forward,Nashville Predators,12,25,0,7,16:34,13,4,1,0,0,0,0,0,0,2012-2013
8474576,Zach Boychuk,Forward,Nashville Predators,1,13,0,1,12:18,2,6,-1,0,0,0,0,0,0,2012-2013
8474600,Roman Josi,Defenseman,Nashville Predators,13,48,0,5,23:31,73,8,-7,0,0,0,0,0,0,2012-2013
8475176,Ryan Ellis,Defenseman,Nashville Predators,4,32,0,2,16:22,29,15,-2,0,0,0,0,0,0,2012-2013
8475192,Taylor Beck,Forward,Nashville Predators,4,16,0,3,16:05,11,2,0,0,0,0,0,0,0,2012-2013
8475218,Mattias Ekholm,Defenseman,Nashville Predators,0,1,0,0,16:05,0,0,-1,0,0,0,0,0,0,2012-2013
8475225,Craig Smith,Forward,Nashville Predators,8,44,0,4,13:51,13,20,-11,0,0,0,0,0,0,2012-2013
8475268,Gabriel Bourque,Forward,Nashville Predators,5,34,0,11,15:49,23,4,6,0,0,0,0,0,0,2012-2013
8475637,Bobby Butler,Forward,Nashville Predators,7,34,0,4,10:48,4,4,-8,0,0,0,0,0,0,2012-2013
8475766,Austin Watson,Forward,Nashville Predators,0,6,0,1,12:42,2,0,-2,0,0,0,0,0,0,2012-2013
8475893,Joonas Rask,Forward,Nashville Predators,1,2,0,0,8:00,0,0,-1,0,0,0,0,0,0,2012-2013
8476835,Daniel Bang,Forward,Nashville Predators,2,8,0,0,12:54,0,0,-2,0,0,0,0,0,0,2012-2013
8476887,Filip Forsberg,Forward,Nashville Predators,1,5,0,0,15:28,0,0,-5,0,0,0,0,0,0,2012-2013
8462152,Chris Mason,Goalie,Nashville Predators,0,11,6,0,42:25:00,0,0,0,1,7,3.728039,229,29,0,2012-2013
8471469,Pekka Rinne,Goalie,Nashville Predators,0,43,42,0,56:49:00,0,0,0,15,16,2.430674,1101,99,5,2012-2013
8459457,Jamie Langenbrunner,Forward,St. Louis Blues,1,4,0,0,9:46,0,0,1,0,0,0,0,0,0,2012-2013
8459687,Scott Nichol,Forward,St. Louis Blues,0,30,0,1,9:46,13,25,-2,0,0,0,0,0,0,2012-2013
8462033,Wade Redden,Defenseman,St. Louis Blues,4,29,0,3,15:04,30,11,-2,0,0,0,0,0,0,2012-2013
8467890,Barret Jackman,Defenseman,St. Louis Blues,9,46,0,3,19:19,89,39,6,0,0,0,0,0,0,2012-2013
8467917,Jordan Leopold,Defenseman,St. Louis Blues,8,39,0,2,20:04,57,14,-8,0,0,0,0,0,0,2012-2013
8468434,Andy McDonald,Forward,St. Louis Blues,14,37,0,7,17:15,13,16,-2,0,0,0,0,0,0,2012-2013
8469685,Andrew Murray,Forward,St. Louis Blues,0,1,0,0,7:49,0,0,0,0,0,0,0,0,0,2012-2013
8470151,Jay Bouwmeester,Defenseman,St. Louis Blues,15,47,0,7,24:38:00,61,22,-6,0,0,0,0,0,0,2012-2013
8470257,Alexander Steen,Forward,St. Louis Blues,19,40,0,8,18:59,22,14,5,0,0,0,0,0,0,2012-2013
8470655,David Backes,Forward,St. Louis Blues,22,48,0,6,19:36,41,62,5,0,0,0,0,0,0,2012-2013
8470871,Chris Porter,Forward,St. Louis Blues,6,29,0,2,11:38,5,0,5,0,0,0,0,0,0,2012-2013
8471392,Roman Polak,Defenseman,St. Louis Blues,5,48,0,1,18:25,78,48,-2,0,0,0,0,0,0,2012-2013
8471490,Adam Cracknell,Forward,St. Louis Blues,4,20,0,2,8:36,7,4,3,0,0,0,0,0,0,2012-2013
8471698,T.J. Oshie,Forward,St. Louis Blues,13,30,0,7,19:05,24,15,-5,0,0,0,0,0,0,2012-2013
8471729,Kris Russell,Defenseman,St. Louis Blues,6,33,0,1,16:02,57,9,6,0,0,0,0,0,0,2012-2013
8471743,Vladimir Sobotka,Forward,St. Louis Blues,11,48,0,8,15:27,16,35,-4,0,0,0,0,0,0,2012-2013
8471817,Ryan Reaves,Forward,St. Louis Blues,2,43,0,4,7:26,7,79,3,0,0,0,0,0,0,2012-2013
8471851,Matt D'Agostini,Forward,St. Louis Blues,3,29,0,3,12:18,12,8,-5,0,0,0,0,0,0,2012-2013
8473485,Chris Stewart,Forward,St. Louis Blues,18,48,0,18,15:49,13,40,0,0,0,0,0,0,0,2012-2013
8473534,Patrik Berglund,Forward,St. Louis Blues,8,48,0,17,16:49,24,12,-2,0,0,0,0,0,0,2012-2013
8474013,Ian Cole,Defenseman,St. Louis Blues,1,15,0,0,17:44,22,10,-4,0,0,0,0,0,0,2012-2013
8474031,Kevin Shattenkirk,Defenseman,St. Louis Blues,18,48,0,5,21:18,59,20,2,0,0,0,0,0,0,2012-2013
8474102,David Perron,Forward,St. Louis Blues,15,48,0,10,18:00,11,44,0,0,0,0,0,0,0,2012-2013
8474565,Alex Pietrangelo,Defenseman,St. Louis Blues,19,47,0,5,25:06:00,101,10,0,0,0,0,0,0,0,2012-2013
8475765,Vladimir Tarasenko,Forward,St. Louis Blues,11,38,0,8,13:24,7,10,1,0,0,0,0,0,0,2012-2013
8475768,Jaden Schwartz,Forward,St. Louis Blues,6,45,0,7,12:28,18,4,-4,0,0,0,0,0,0,2012-2013
8476436,Dmitrij Jaskin,Forward,St. Louis Blues,0,2,0,0,7:29,0,0,-1,0,0,0,0,0,0,2012-2013
8470860,Jaroslav Halak,Goalie,St. Louis Blues,0,16,15,0,50:47:00,0,0,0,6,5,2.141319,286,29,3,2012-2013
8470880,Brian Elliott,Goalie,St. Louis Blues,0,24,20,0,53:49:00,0,0,0,14,8,2.275659,526,49,3,2012-2013
8474596,Jake Allen,Goalie,St. Louis Blues,0,15,13,0,53:35:00,0,0,0,9,4,2.463044,346,33,1,2012-2013
8462042,Jarome Iginla,Forward,Calgary Flames,19,44,0,14,18:48,13,31,-5,0,0,0,0,0,0,2012-2013
8464981,Cory Sarich,Defenseman,Calgary Flames,2,28,0,0,14:51,33,16,-8,0,0,0,0,0,0,2012-2013
8464994,Steve Begin,Forward,Calgary Flames,4,36,0,4,7:59,21,22,-2,0,0,0,0,0,0,2012-2013
8467338,Alex Tanguay,Forward,Calgary Flames,16,40,0,11,19:21,28,22,-13,0,0,0,0,0,0,2012-2013
8467977,Brian McGrattan,Forward,Calgary Flames,0,21,0,3,7:06,6,49,-4,0,0,0,0,0,0,2012-2013
8469490,Tim Jackman,Forward,Calgary Flames,4,42,0,1,7:35,17,76,-9,0,0,0,0,0,0,2012-2013
8469500,Michael Cammalleri,Forward,Calgary Flames,19,44,0,13,18:03,9,25,-15,0,0,0,0,0,0,2012-2013
8469770,Dennis Wideman,Defenseman,Calgary Flames,16,46,0,6,25:01:00,100,12,-9,0,0,0,0,0,0,2012-2013
8470151,Jay Bouwmeester,Defenseman,Calgary Flames,15,47,0,7,24:38:00,61,22,-6,0,0,0,0,0,0,2012-2013
8470162,Matt Stajan,Forward,Calgary Flames,18,43,0,5,17:09,30,26,7,0,0,0,0,0,0,2012-2013
8470201,Jiri Hudler,Forward,Calgary Flames,17,42,0,10,17:09,5,22,-13,0,0,0,0,0,0,2012-2013
8470265,Anton Babchuk,Defenseman,Calgary Flames,1,7,0,0,11:51,9,0,-1,0,0,0,0,0,0,2012-2013
8470740,Lee Stempniak,Forward,Calgary Flames,23,47,0,9,17:54,17,12,2,0,0,0,0,0,0,2012-2013
8470966,Mark Giordano,Defenseman,Calgary Flames,11,47,0,4,23:09,93,40,-7,0,0,0,0,0,0,2012-2013
8471185,Curtis Glencross,Forward,Calgary Flames,11,40,0,15,18:14,14,18,-8,0,0,0,0,0,0,2012-2013
8471260,Blake Comeau,Forward,Calgary Flames,6,42,0,6,12:09,12,20,-4,0,0,0,0,0,0,2012-2013
8471321,Brett Carson,Defenseman,Calgary Flames,1,10,0,0,10:55,12,0,-1,0,0,0,0,0,0,2012-2013
8471761,Chris Butler,Defenseman,Calgary Flames,7,44,0,1,17:02,74,19,-10,0,0,0,0,0,0,2012-2013
8471767,Blair Jones,Forward,Calgary Flames,1,15,0,0,10:44,9,10,-6,0,0,0,0,0,0,2012-2013
8473953,Derek Smith,Defenseman,Calgary Flames,1,22,0,0,12:14,24,10,-5,0,0,0,0,0,0,2012-2013
8474038,Paul Byron,Forward,Calgary Flames,1,4,0,0,10:27,1,2,-2,0,0,0,0,0,0,2012-2013
8474049,Akim Aliu,Forward,Calgary Flames,0,5,0,0,10:51,2,14,-2,0,0,0,0,0,0,2012-2013
8474150,Mikael Backlund,Forward,Calgary Flames,8,32,0,8,15:07,19,29,-6,0,0,0,0,0,0,2012-2013
8474673,TJ Brodie,Defenseman,Calgary Flames,12,47,0,2,20:13,74,8,-9,0,0,0,0,0,0,2012-2013
8474837,Mark Cundari,Defenseman,Calgary Flames,2,4,0,1,19:46,4,2,-2,0,0,0,0,0,0,2012-2013
8474844,Carter Bancks,Forward,Calgary Flames,0,2,0,0,14:41,3,0,0,0,0,0,0,0,0,2012-2013
8475196,Ben Hanowski,Forward,Calgary Flames,0,5,0,1,13:17,0,0,0,0,0,0,0,0,0,2012-2013
8475264,Roman Horak,Forward,Calgary Flames,5,20,0,2,14:31,13,2,-5,0,0,0,0,0,0,2012-2013
8475733,Max Reinhart,Forward,Calgary Flames,2,11,0,1,14:25,2,4,-3,0,0,0,0,0,0,2012-2013
8476043,Ben Street,Forward,Calgary Flames,1,6,0,0,13:36,2,0,-1,0,0,0,0,0,0,2012-2013
8476466,Sven Baertschi,Forward,Calgary Flames,7,20,0,3,13:24,5,6,0,0,0,0,0,0,0,2012-2013
8476834,Roman Cervenka,Forward,Calgary Flames,8,39,0,9,13:08,4,14,-13,0,0,0,0,0,0,2012-2013
8462147,Miikka Kiprusoff,Goalie,Calgary Flames,0,24,24,0,56:00:00,0,0,0,8,14,3.437287,650,77,0,2012-2013
8469732,Joey MacDonald,Goalie,Calgary Flames,0,21,17,0,54:41:00,0,0,0,8,9,2.873396,562,55,0,2012-2013
8471433,Daniel Taylor,Goalie,Calgary Flames,0,2,2,0,60:00:00,0,0,0,1,1,3,68,6,0,2012-2013
8473414,Leland Irving,Goalie,Calgary Flames,0,6,5,0,45:00:00,0,0,0,2,1,3.33251,128,15,0,2012-2013
8460577,Milan Hejduk,Forward,Colorado Avalanche,7,29,0,4,13:08,8,0,-7,0,0,0,0,0,0,2012-2013
8468636,Greg Zanon,Defenseman,Colorado Avalanche,6,44,0,0,19:19,124,28,-16,0,0,0,0,0,0,2012-2013
8469467,Chuck Kobasew,Forward,Colorado Avalanche,4,37,0,5,11:16,17,21,6,0,0,0,0,0,0,2012-2013
8469707,PA Parenteau,Forward,Colorado Avalanche,25,48,0,18,19:08,14,38,-11,0,0,0,0,0,0,2012-2013
8470189,David Van Der Gulik,Forward,Colorado Avalanche,2,9,0,0,9:26,5,6,2,0,0,0,0,0,0,2012-2013
8470672,Ryan O'Byrne,Defenseman,Colorado Avalanche,4,42,0,2,18:31,69,60,-4,0,0,0,0,0,0,2012-2013
8470699,Jan Hejda,Defenseman,Colorado Avalanche,9,46,0,1,19:41,102,28,-3,0,0,0,0,0,0,2012-2013
8470750,John Mitchell,Forward,Colorado Avalanche,10,47,0,10,16:44,43,18,5,0,0,0,0,0,0,2012-2013
8470839,Shane O'Brien,Defenseman,Colorado Avalanche,4,28,0,0,15:30,36,60,0,0,0,0,0,0,0,2012-2013
8470877,David Jones,Forward,Colorado Avalanche,6,33,0,3,16:49,20,6,-11,0,0,0,0,0,0,2012-2013
8471326,Patrick Bordeleau,Forward,Colorado Avalanche,3,46,0,2,6:13,3,70,-7,0,0,0,0,0,0,2012-2013
8471436,Matt Hunwick,Defenseman,Colorado Avalanche,6,43,0,0,21:31,59,16,4,0,0,0,0,0,0,2012-2013
8471657,Cody McLeod,Forward,Colorado Avalanche,4,48,0,8,13:05,17,83,4,0,0,0,0,0,0,2012-2013
8471669,Paul Stastny,Forward,Colorado Avalanche,15,40,0,9,19:21,29,14,-7,0,0,0,0,0,0,2012-2013
8471703,Steve Downie,Forward,Colorado Avalanche,1,2,0,0,8:53,1,6,1,0,0,0,0,0,0,2012-2013
8473446,Erik Johnson,Defenseman,Colorado Avalanche,4,31,0,0,20:45,58,18,-3,0,0,0,0,0,0,2012-2013
8473465,Jamie McGinn,Forward,Colorado Avalanche,11,47,0,11,17:17,16,26,-13,0,0,0,0,0,0,2012-2013
8473700,Ryan Wilson,Defenseman,Colorado Avalanche,3,12,0,0,18:30,12,8,4,0,0,0,0,0,0,2012-2013
8474030,Aaron Palushaj,Forward,Colorado Avalanche,7,25,0,2,11:18,13,8,-2,0,0,0,0,0,0,2012-2013
8474089,Brad Malone,Forward,Colorado Avalanche,1,13,0,1,8:47,3,16,-7,0,0,0,0,0,0,2012-2013
8474705,Mark Olver,Forward,Colorado Avalanche,2,32,0,4,9:02,17,6,-5,0,0,0,0,0,0,2012-2013
8475158,Ryan O'Reilly,Forward,Colorado Avalanche,14,29,0,6,18:30,14,4,-3,0,0,0,0,0,0,2012-2013
8475168,Matt Duchene,Forward,Colorado Avalanche,26,47,0,17,20:55,47,12,-12,0,0,0,0,0,0,2012-2013
8475197,Tyson Barrie,Defenseman,Colorado Avalanche,11,32,0,2,21:34,24,10,-11,0,0,0,0,0,0,2012-2013
8475206,Stefan Elliott,Defenseman,Colorado Avalanche,3,18,0,1,17:30,18,2,-3,0,0,0,0,0,0,2012-2013
8475266,Tomas Vincour,Forward,Colorado Avalanche,2,17,0,2,8:51,2,4,-1,0,0,0,0,0,0,2012-2013
8475958,Michael Sgarbossa,Forward,Colorado Avalanche,0,6,0,0,10:21,1,4,-3,0,0,0,0,0,0,2012-2013
8476455,Gabriel Landeskog,Forward,Colorado Avalanche,8,36,0,9,19:19,32,22,-4,0,0,0,0,0,0,2012-2013
8462044,Jean-Sebastien Giguere,Goalie,Colorado Avalanche,0,18,14,0,50:26:00,0,0,0,5,4,2.841931,469,43,0,2012-2013
8473575,Semyon Varlamov,Goalie,Colorado Avalanche,0,35,33,0,55:42:00,0,0,0,11,21,3.015926,1007,98,3,2012-2013
8475824,Sami Aittokallio,Goalie,Colorado Avalanche,0,1,1,0,49:20:00,0,0,0,0,0,2.432432,25,2,0,2012-2013
8460496,Ryan Smyth,Forward,Edmonton Oilers,11,47,0,2,15:22,24,40,-5,0,0,0,0,0,0,2012-2013
8465050,Eric Belanger,Forward,Edmonton Oilers,3,26,0,0,14:07,15,10,-1,0,0,0,0,0,0,2012-2013
8467423,Shawn Horcoff,Forward,Edmonton Oilers,5,31,0,7,16:51,20,24,8,0,0,0,0,0,0,2012-2013
8468162,Jerred Smithson,Forward,Edmonton Oilers,3,45,0,3,10:39,30,12,-4,0,0,0,0,0,0,2012-2013
8468513,Nick Schultz,Defenseman,Edmonton Oilers,8,48,0,1,18:37,107,24,-13,0,0,0,0,0,0,2012-2013
8468660,Darcy Hordichuk,Forward,Edmonton Oilers,0,4,0,0,2:02,0,2,-1,0,0,0,0,0,0,2012-2013
8469466,Ales Hemsky,Forward,Edmonton Oilers,11,38,0,9,15:42,9,16,-6,0,0,0,0,0,0,2012-2013
8470280,Ben Eager,Forward,Edmonton Oilers,1,14,0,1,9:39,6,25,-4,0,0,0,0,0,0,2012-2013
8470309,Ryan Whitney,Defenseman,Edmonton Oilers,9,34,0,4,18:28,55,23,-7,0,0,0,0,0,0,2012-2013
8470714,Corey Potter,Defenseman,Edmonton Oilers,1,33,0,3,17:27,36,6,8,0,0,0,0,0,0,2012-2013
8471222,Ladislav Smid,Defenseman,Edmonton Oilers,3,48,0,1,20:19,119,55,-1,0,0,0,0,0,0,2012-2013
8471241,Mark Fistric,Defenseman,Edmonton Oilers,6,25,0,0,15:20,53,32,6,0,0,0,0,0,0,2012-2013
8471323,Ryan Jones,Forward,Edmonton Oilers,5,27,0,2,12:58,13,17,0,0,0,0,0,0,0,2012-2013
8471371,Mike Brown,Forward,Edmonton Oilers,1,39,0,1,7:31,13,123,-7,0,0,0,0,0,0,2012-2013
8471402,Lennart Petrell,Forward,Edmonton Oilers,6,35,0,3,11:31,22,4,-4,0,0,0,0,0,0,2012-2013
8471762,Chris VandeVelde,Forward,Edmonton Oilers,0,11,0,0,7:02,3,4,-3,0,0,0,0,0,0,2012-2013
8473507,Jeff Petry,Defenseman,Edmonton Oilers,9,48,0,3,21:54,86,29,1,0,0,0,0,0,0,2012-2013
8473525,Theo Peckham,Defenseman,Edmonton Oilers,0,4,0,0,17:38,5,6,-1,0,0,0,0,0,0,2012-2013
8474040,Sam Gagner,Forward,Edmonton Oilers,24,48,0,14,19:24,22,23,-6,0,0,0,0,0,0,2012-2013
8474586,Jordan Eberle,Forward,Edmonton Oilers,21,48,0,16,18:59,16,16,-4,0,0,0,0,0,0,2012-2013
8474602,Justin Schultz,Defenseman,Edmonton Oilers,19,48,0,8,21:26,35,8,-17,0,0,0,0,0,0,2012-2013
8474719,Teemu Hartikainen,Forward,Edmonton Oilers,2,23,0,1,10:34,3,6,-8,0,0,0,0,0,0,2012-2013
8475165,Anton Lander,Forward,Edmonton Oilers,1,11,0,0,11:01,2,2,-4,0,0,0,0,0,0,2012-2013
8475175,Magnus Paajarvi,Forward,Edmonton Oilers,7,42,0,9,14:07,23,14,-1,0,0,0,0,0,0,2012-2013
8475791,Taylor Hall,Forward,Edmonton Oilers,34,45,0,16,18:37,20,33,5,0,0,0,0,0,0,2012-2013
8476062,Mark Arcobello,Forward,Edmonton Oilers,0,1,0,0,18:15,2,0,0,0,0,0,0,0,0,2012-2013
8476454,Ryan Nugent-Hopkins,Forward,Edmonton Oilers,20,40,0,4,18:51,27,8,3,0,0,0,0,0,0,2012-2013
8476855,Nail Yakupov,Forward,Edmonton Oilers,14,48,0,17,14:33,14,24,-4,0,0,0,0,0,0,2012-2013
8459140,Nikolai Khabibulin,Goalie,Edmonton Oilers,0,12,11,0,56:58:00,0,0,0,4,6,2.545286,376,29,1,2012-2013
8471186,Yann Danis,Goalie,Edmonton Oilers,0,3,0,0,36:45:00,0,0,0,1,0,3.809524,59,7,0,2012-2013
8471227,Devan Dubnyk,Goalie,Edmonton Oilers,0,38,37,0,55:17:00,0,0,0,14,16,2.570266,1132,90,2,2012-2013
8467334,Manny Malhotra,Forward,Vancouver Canucks,0,9,0,0,11:07,4,0,-3,0,0,0,0,0,0,2012-2013
8467875,Daniel Sedin,Forward,Vancouver Canucks,28,47,0,12,19:01,7,18,12,0,0,0,0,0,0,2012-2013
8467876,Henrik Sedin,Forward,Vancouver Canucks,34,48,0,11,19:20,9,24,19,0,0,0,0,0,0,2012-2013
8469465,Dan Hamhuis,Defenseman,Vancouver Canucks,20,47,0,4,23:23,63,12,9,0,0,0,0,0,0,2012-2013
8469485,Derek Roy,Forward,Vancouver Canucks,21,42,0,7,18:35,30,6,4,0,0,0,0,0,0,2012-2013
8469598,Kevin Bieksa,Defenseman,Vancouver Canucks,6,36,0,6,21:56,50,48,6,0,0,0,0,0,0,2012-2013
8469626,Andrew Alberts,Defenseman,Vancouver Canucks,1,24,0,0,15:10,31,32,-7,0,0,0,0,0,0,2012-2013
8470054,Keith Ballard,Defenseman,Vancouver Canucks,2,36,0,0,15:28,34,29,-2,0,0,0,0,0,0,2012-2013
8470274,Chris Higgins,Forward,Vancouver Canucks,5,41,0,10,16:24,22,10,-4,0,0,0,0,0,0,2012-2013
8470358,Alexandre Burrows,Forward,Vancouver Canucks,11,47,0,13,18:54,15,54,15,0,0,0,0,0,0,2012-2013
8470616,Ryan Kesler,Forward,Vancouver Canucks,9,17,0,4,18:57,13,12,-5,0,0,0,0,0,0,2012-2013
8470654,Maxim Lapierre,Forward,Vancouver Canucks,6,48,0,4,12:35,18,45,-6,0,0,0,0,0,0,2012-2013
8471216,Cam Barker,Defenseman,Vancouver Canucks,2,14,0,0,14:11,16,4,-3,0,0,0,0,0,0,2012-2013
8471266,David Booth,Forward,Vancouver Canucks,2,12,0,1,12:45,1,4,-3,0,0,0,0,0,0,2012-2013
8471303,Alexander Edler,Defenseman,Vancouver Canucks,14,45,0,8,23:50,81,37,-5,0,0,0,0,0,0,2012-2013
8471409,Andrew Gordon,Forward,Vancouver Canucks,0,6,0,0,8:25,1,0,-1,0,0,0,0,0,0,2012-2013
8471498,Jannik Hansen,Forward,Vancouver Canucks,17,47,0,10,17:33,10,8,12,0,0,0,0,0,0,2012-2013
8471664,Mason Raymond,Forward,Vancouver Canucks,12,46,0,10,15:49,8,16,2,0,0,0,0,0,0,2012-2013
8471810,Derek Joslin,Defenseman,Vancouver Canucks,0,2,0,0,16:59,4,0,-2,0,0,0,0,0,0,2012-2013
8473542,Tom Sestito,Forward,Vancouver Canucks,0,30,0,3,6:25,2,65,-2,0,0,0,0,0,0,2012-2013
8473682,Andrew Ebbett,Forward,Vancouver Canucks,5,28,0,1,12:19,15,4,-1,0,0,0,0,0,0,2012-2013
8473911,Steven Pinizzotto,Forward,Vancouver Canucks,0,12,0,0,9:59,4,29,-6,0,0,0,0,0,0,2012-2013
8474035,Bill Sweatt,Forward,Vancouver Canucks,0,1,0,0,12:24,0,0,-1,0,0,0,0,0,0,2012-2013
8474520,Jason Garrison,Defenseman,Vancouver Canucks,8,47,0,8,21:41,58,28,18,0,0,0,0,0,0,2012-2013
8474668,Dale Weise,Forward,Vancouver Canucks,3,40,0,3,9:33,13,43,-7,0,0,0,0,0,0,2012-2013
8475147,Jordan Schroeder,Forward,Vancouver Canucks,6,31,0,3,13:42,11,4,0,0,0,0,0,0,0,2012-2013
8475178,Zack Kassian,Forward,Vancouver Canucks,4,39,0,7,13:28,4,51,-7,0,0,0,0,0,0,2012-2013
8475619,Aaron Volpatti,Forward,Vancouver Canucks,1,33,0,1,8:20,10,35,-2,0,0,0,0,0,0,2012-2013
8475690,Christopher Tanev,Defenseman,Vancouver Canucks,5,38,0,2,17:17,61,10,4,0,0,0,0,0,0,2012-2013
8476302,Frank Corrado,Defenseman,Vancouver Canucks,0,3,0,0,19:24,5,0,-1,0,0,0,0,0,0,2012-2013
8476482,Nicklas Jensen,Forward,Vancouver Canucks,0,2,0,0,13:51,0,0,-1,0,0,0,0,0,0,2012-2013
8466141,Roberto Luongo,Goalie,Vancouver Canucks,0,20,18,0,59:50:00,0,0,0,9,6,2.556569,551,51,2,2012-2013
8471239,Cory Schneider,Goalie,Vancouver Canucks,0,30,30,0,57:46:00,0,0,0,17,9,2.111559,835,61,5,2012-2013
8457981,Teemu Selanne,Forward,Anaheim Ducks,12,46,0,12,15:41,10,28,-10,0,0,0,0,0,0,2012-2013
8459442,Saku Koivu,Forward,Anaheim Ducks,19,47,0,8,17:36,15,18,4,0,0,0,0,0,0,2012-2013
8460561,Sheldon Souray,Defenseman,Anaheim Ducks,10,44,0,7,20:55,58,52,19,0,0,0,0,0,0,2012-2013
8462041,Radek Dvorak,Forward,Anaheim Ducks,0,9,0,4,13:08,1,2,2,0,0,0,0,0,0,2012-2013
8465042,Toni Lydman,Defenseman,Anaheim Ducks,6,35,0,0,19:23,76,12,-1,0,0,0,0,0,0,2012-2013
8467332,Bryan Allen,Defenseman,Anaheim Ducks,6,41,0,0,18:44,66,34,1,0,0,0,0,0,0,2012-2013
8467400,Francois Beauchemin,Defenseman,Anaheim Ducks,18,48,0,6,23:27,111,22,19,0,0,0,0,0,0,2012-2013
8468695,Matthew Lombardi,Forward,Anaheim Ducks,4,28,0,4,13:57,14,8,-2,0,0,0,0,0,0,2012-2013
8469483,David Steckel,Forward,Anaheim Ducks,6,34,0,1,9:15,21,4,0,0,0,0,0,0,0,2012-2013
8470612,Ryan Getzlaf,Forward,Anaheim Ducks,34,44,0,15,20:11,42,41,14,0,0,0,0,0,0,2012-2013
8470621,Corey Perry,Forward,Anaheim Ducks,21,44,0,15,19:04,18,72,10,0,0,0,0,0,0,2012-2013
8471476,Daniel Winnik,Forward,Anaheim Ducks,13,48,0,6,16:49,37,16,13,0,0,0,0,0,0,2012-2013
8471521,Brad Staubitz,Forward,Anaheim Ducks,1,15,0,1,6:12,7,41,0,0,0,0,0,0,0,2012-2013
8471676,Bobby Ryan,Forward,Anaheim Ducks,19,46,0,11,16:35,29,17,3,0,0,0,0,0,0,2012-2013
8471699,Andrew Cogliano,Forward,Anaheim Ducks,10,48,0,13,15:22,24,6,14,0,0,0,0,0,0,2012-2013
8472370,Jordan Hendry,Defenseman,Anaheim Ducks,0,2,0,0,17:34,2,0,0,0,0,0,0,0,0,2012-2013
8473492,Matt Beleskey,Forward,Anaheim Ducks,5,42,0,8,12:00,16,56,2,0,0,0,0,0,0,2012-2013
8473933,Ben Lovejoy,Defenseman,Anaheim Ducks,10,35,0,0,17:49,42,29,4,0,0,0,0,0,0,2012-2013
8474009,Nick Bonino,Forward,Anaheim Ducks,8,27,0,5,15:53,49,8,-3,0,0,0,0,0,0,2012-2013
8474034,Pat Maroon,Forward,Anaheim Ducks,1,13,0,2,9:47,7,10,-1,0,0,0,0,0,0,2012-2013
8474579,Luca Sbisa,Defenseman,Anaheim Ducks,7,41,0,1,19:50,57,23,0,0,0,0,0,0,0,2012-2013
8474646,Brandon McMillan,Forward,Anaheim Ducks,1,6,0,0,8:44,1,2,-1,0,0,0,0,0,0,2012-2013
8475151,Kyle Palmieri,Forward,Anaheim Ducks,11,42,0,10,12:19,10,9,2,0,0,0,0,0,0,2012-2013
8475180,Peter Holland,Forward,Anaheim Ducks,2,21,0,3,11:35,8,4,4,0,0,0,0,0,0,2012-2013
8475222,Sami Vatanen,Defenseman,Anaheim Ducks,0,8,0,2,15:49,13,0,3,0,0,0,0,0,0,2012-2013
8475758,Devante Smith-Pelly,Forward,Anaheim Ducks,0,7,0,0,8:59,4,0,-4,0,0,0,0,0,0,2012-2013
8475764,Cam Fowler,Defenseman,Anaheim Ducks,10,37,0,1,20:26,41,4,-4,0,0,0,0,0,0,2012-2013
8475770,Emerson Etem,Forward,Anaheim Ducks,7,38,0,3,11:27,20,9,7,0,0,0,0,0,0,2012-2013
8476483,Rickard Rakell,Forward,Anaheim Ducks,0,4,0,0,8:57,0,0,-2,0,0,0,0,0,0,2012-2013
8473972,Jonas Hiller,Goalie,Anaheim Ducks,0,26,25,0,57:37:00,0,0,0,15,6,2.362651,675,59,1,2012-2013
8476839,Viktor Fasth,Goalie,Anaheim Ducks,0,25,23,0,57:07:00,0,0,0,15,6,2.184415,661,52,4,2012-2013
8448208,Jaromir Jagr,Forward,Dallas Stars,19,45,0,16,18:19,10,22,-2,0,0,0,0,0,0,2012-2013
8458537,Ray Whitney,Forward,Dallas Stars,18,32,0,11,19:23,14,4,1,0,0,0,0,0,0,2012-2013
8462196,Stephane Robidas,Defenseman,Dallas Stars,12,48,0,1,22:14,93,56,2,0,0,0,0,0,0,2012-2013
8466160,Brenden Morrow,Forward,Dallas Stars,13,44,0,12,14:51,20,37,-3,0,0,0,0,0,0,2012-2013
8467396,Erik Cole,Forward,Dallas Stars,4,47,0,9,16:23,27,20,-6,0,0,0,0,0,0,2012-2013
8467543,Toby Petersen,Forward,Dallas Stars,0,1,0,0,6:40,0,0,0,0,0,0,0,0,0,2012-2013
8467545,Michael Ryder,Forward,Dallas Stars,19,46,0,16,16:02,16,16,2,0,0,0,0,0,0,2012-2013
8469485,Derek Roy,Forward,Dallas Stars,21,42,0,7,18:35,30,6,4,0,0,0,0,0,0,2012-2013
8469759,Vernon Fiddler,Forward,Dallas Stars,13,46,0,4,12:51,28,48,3,0,0,0,0,0,0,2012-2013
8470110,Trevor Daley,Defenseman,Dallas Stars,9,44,0,4,21:24,69,14,1,0,0,0,0,0,0,2012-2013
8470180,Eric Nystrom,Forward,Dallas Stars,4,48,0,7,14:21,26,61,-3,0,0,0,0,0,0,2012-2013
8470310,Aaron Rome,Defenseman,Dallas Stars,5,27,0,0,15:20,32,18,-2,0,0,0,0,0,0,2012-2013
8470626,Loui Eriksson,Forward,Dallas Stars,17,48,0,12,20:07,18,8,-9,0,0,0,0,0,0,2012-2013
8470777,Francis Wathier,Forward,Dallas Stars,0,1,0,0,5:40,0,0,0,0,0,0,0,0,0,2012-2013
8471274,Alex Goligoski,Defenseman,Dallas Stars,24,47,0,3,22:23,66,18,4,0,0,0,0,0,0,2012-2013
8471807,Tom Wandell,Forward,Dallas Stars,0,18,0,1,8:26,9,4,0,0,0,0,0,0,0,2012-2013
8473994,Jamie Benn,Forward,Dallas Stars,21,41,0,12,19:54,32,40,-12,0,0,0,0,0,0,2012-2013
8474098,Colton Sceviour,Forward,Dallas Stars,1,1,0,0,4:51,1,0,-1,0,0,0,0,0,0,2012-2013
8474707,Philip Larsen,Defenseman,Dallas Stars,3,32,0,2,14:52,18,18,-10,0,0,0,0,0,0,2012-2013
8474818,Jordie Benn,Defenseman,Dallas Stars,5,26,0,1,17:18,31,10,-4,0,0,0,0,0,0,2012-2013
8474849,Antoine Roussel,Forward,Dallas Stars,7,39,0,7,9:23,16,85,3,0,0,0,0,0,0,2012-2013
8475163,Alex Chiasson,Forward,Dallas Stars,1,7,0,6,14:04,2,0,3,0,0,0,0,0,0,2012-2013
8475191,Reilly Smith,Forward,Dallas Stars,6,37,0,3,10:55,6,8,0,0,0,0,0,0,0,2012-2013
8475236,Cody Eakin,Forward,Dallas Stars,17,48,0,7,15:05,29,31,1,0,0,0,0,0,0,2012-2013
8475266,Tomas Vincour,Forward,Dallas Stars,2,17,0,2,8:51,2,4,-1,0,0,0,0,0,0,2012-2013
8475283,Lane MacDermid,Forward,Dallas Stars,0,9,0,2,4:35,0,19,1,0,0,0,0,0,0,2012-2013
8475455,Brenden Dillon,Defenseman,Dallas Stars,5,48,0,3,21:22,74,65,1,0,0,0,0,0,0,2012-2013
8475671,Matt Fraser,Forward,Dallas Stars,2,12,0,1,11:47,8,0,0,0,0,0,0,0,0,2012-2013
8476116,Ryan Garbutt,Forward,Dallas Stars,7,36,0,3,9:55,9,32,1,0,0,0,0,0,0,2012-2013
8476467,Jamie Oleksiak,Defenseman,Dallas Stars,2,16,0,0,14:50,18,14,-5,0,0,0,0,0,0,2012-2013
8470140,Kari Lehtonen,Goalie,Dallas Stars,0,36,35,0,55:10:00,0,0,0,15,14,2.658365,1050,88,1,2012-2013
8473614,Richard Bachman,Goalie,Dallas Stars,0,13,8,0,46:50:00,0,0,0,6,5,3.252122,288,33,0,2012-2013
8476846,Cristopher Nilstorp,Goalie,Dallas Stars,0,5,5,0,58:15:00,0,0,0,1,3,3.089598,146,15,0,2012-2013
8467344,Robyn Regehr,Defenseman,Los Angeles Kings,4,41,0,0,19:25,69,23,-4,0,0,0,0,0,0,2012-2013
8467346,Simon Gagne,Forward,Los Angeles Kings,11,38,0,5,14:08,15,8,-1,0,0,0,0,0,0,2012-2013
8467452,Rob Scuderi,Defenseman,Los Angeles Kings,11,48,0,1,21:47,66,4,-6,0,0,0,0,0,0,2012-2013
8468508,Justin Williams,Forward,Los Angeles Kings,22,48,0,11,16:59,12,22,15,0,0,0,0,0,0,2012-2013
8468526,Jarret Stoll,Forward,Los Angeles Kings,11,48,0,7,16:31,44,28,1,0,0,0,0,0,0,2012-2013
8470121,Matt Greene,Defenseman,Los Angeles Kings,1,5,0,0,15:17,5,8,-1,0,0,0,0,0,0,2012-2013
8470604,Jeff Carter,Forward,Los Angeles Kings,7,48,0,26,17:34,23,16,0,0,0,0,0,0,0,2012-2013
8470606,Dustin Brown,Forward,Los Angeles Kings,11,46,0,18,19:30,8,22,6,0,0,0,0,0,0,2012-2013
8470617,Mike Richards,Forward,Los Angeles Kings,20,48,0,12,16:21,19,42,-8,0,0,0,0,0,0,2012-2013
8470662,Colin Fraser,Forward,Los Angeles Kings,5,34,0,2,9:22,11,25,-4,0,0,0,0,0,0,2012-2013
8470755,Brad Richardson,Forward,Los Angeles Kings,5,16,0,1,10:53,3,10,2,0,0,0,0,0,0,2012-2013
8471208,Dustin Penner,Forward,Los Angeles Kings,12,33,0,2,12:41,7,18,-2,0,0,0,0,0,0,2012-2013
8471685,Anze Kopitar,Forward,Los Angeles Kings,32,47,0,10,20:28,25,16,14,0,0,0,0,0,0,2012-2013
8473453,Trevor Lewis,Forward,Los Angeles Kings,9,48,0,5,15:12,31,19,5,0,0,0,0,0,0,2012-2013
8474100,Dwight King,Forward,Los Angeles Kings,6,47,0,4,12:45,9,11,-3,0,0,0,0,0,0,2012-2013
8474162,Jake Muzzin,Defenseman,Los Angeles Kings,9,45,0,7,17:53,29,35,16,0,0,0,0,0,0,2012-2013
8474166,Alec Martinez,Defenseman,Los Angeles Kings,4,27,0,1,16:01,31,10,-2,0,0,0,0,0,0,2012-2013
8474184,Keaton Ellerby,Defenseman,Los Angeles Kings,3,44,0,0,14:28,43,52,3,0,0,0,0,0,0,2012-2013
8474518,Davis Drewiske,Defenseman,Los Angeles Kings,5,29,0,2,15:11,35,14,3,0,0,0,0,0,0,2012-2013
8474563,Drew Doughty,Defenseman,Los Angeles Kings,16,48,0,6,26:23:00,46,36,4,0,0,0,0,0,0,2012-2013
8474594,Slava Voynov,Defenseman,Los Angeles Kings,19,48,0,6,22:18,48,14,5,0,0,0,0,0,0,2012-2013
8475160,Kyle Clifford,Forward,Los Angeles Kings,7,48,0,7,10:36,12,51,1,0,0,0,0,0,0,2012-2013
8475325,Jordan Nolan,Forward,Los Angeles Kings,4,44,0,2,8:28,5,46,-5,0,0,0,0,0,0,2012-2013
8475726,Tyler Toffoli,Forward,Los Angeles Kings,3,10,0,2,11:58,1,2,3,0,0,0,0,0,0,2012-2013
8476871,Tanner Pearson,Forward,Los Angeles Kings,,,,,,,,,,,,,,,
8471734,Jonathan Quick,Goalie,Los Angeles Kings,0,37,36,0,57:40:00,0,0,0,18,13,2.446455,889,87,1,2012-2013
8473541,Jonathan Bernier,Goalie,Los Angeles Kings,0,14,12,0,54:52:00,0,0,0,9,3,1.874146,306,24,1,2012-2013
8460719,Steve Sullivan,Forward,Phoenix Coyotes,10,42,0,7,14:33,3,24,-12,0,0,0,0,0,0,2012-2013
8462038,Shane Doan,Forward,Phoenix Coyotes,14,48,0,13,18:03,10,37,6,0,0,0,0,0,0,2012-2013
8464966,Derek Morris,Defenseman,Phoenix Coyotes,11,39,0,0,21:23,69,36,-6,0,0,0,0,0,0,2012-2013
8468085,Radim Vrbata,Forward,Phoenix Coyotes,16,34,0,12,18:18,14,14,6,0,0,0,0,0,0,2012-2013
8468484,Rostislav Klesla,Defenseman,Phoenix Coyotes,6,38,0,2,17:37,60,22,0,0,0,0,0,0,0,2012-2013
8468485,Raffi Torres,Forward,Phoenix Coyotes,11,39,0,7,13:16,15,17,0,0,0,0,0,0,0,2012-2013
8468535,Antoine Vermette,Forward,Phoenix Coyotes,8,48,0,13,18:14,35,36,-3,0,0,0,0,0,0,2012-2013
8468695,Matthew Lombardi,Forward,Phoenix Coyotes,4,28,0,4,13:57,14,8,-2,0,0,0,0,0,0,2012-2013
8469664,David Moss,Forward,Phoenix Coyotes,15,45,0,5,15:33,34,21,3,0,0,0,0,0,0,2012-2013
8469760,Zbynek Michalek,Defenseman,Phoenix Coyotes,2,34,0,0,21:18,87,14,4,0,0,0,0,0,0,2012-2013
8470159,Boyd Gordon,Forward,Phoenix Coyotes,10,48,0,4,15:00,44,8,0,0,0,0,0,0,0,2012-2013
8470713,Paul Bissonnette,Forward,Phoenix Coyotes,6,28,0,0,5:25,8,36,2,0,0,0,0,0,0,2012-2013
8470719,Alexandre Bolduc,Forward,Phoenix Coyotes,0,14,0,0,7:37,3,2,-4,0,0,0,0,0,0,2012-2013
8471231,Kyle Chipchura,Forward,Phoenix Coyotes,9,46,0,5,9:41,7,50,1,0,0,0,0,0,0,2012-2013
8471232,Lauri Korpikoski,Forward,Phoenix Coyotes,5,36,0,6,17:07,27,12,-3,0,0,0,0,0,0,2012-2013
8471280,Nick Johnson,Forward,Phoenix Coyotes,2,17,0,4,9:57,1,0,3,0,0,0,0,0,0,2012-2013
8471691,Martin Hanzal,Forward,Phoenix Coyotes,12,39,0,11,18:32,17,24,2,0,0,0,0,0,0,2012-2013
8471735,Keith Yandle,Defenseman,Phoenix Coyotes,20,48,0,10,22:14,40,54,4,0,0,0,0,0,0,2012-2013
8472368,Chris Conner,Forward,Phoenix Coyotes,1,12,0,1,11:22,5,2,3,0,0,0,0,0,0,2012-2013
8473589,Chris Summers,Defenseman,Phoenix Coyotes,0,6,0,0,12:39,10,9,-3,0,0,0,0,0,0,2012-2013
8473673,David Schlemko,Defenseman,Phoenix Coyotes,5,30,0,1,17:13,57,12,8,0,0,0,0,0,0,2012-2013
8473970,Rob Klinkhammer,Forward,Phoenix Coyotes,6,22,0,5,12:13,6,10,7,0,0,0,0,0,0,2012-2013
8474571,Mikkel Boedker,Forward,Phoenix Coyotes,19,48,0,7,18:28,17,12,0,0,0,0,0,0,0,2012-2013
8474628,Michael Stone,Defenseman,Phoenix Coyotes,4,40,0,5,16:41,64,16,2,0,0,0,0,0,0,2012-2013
8475161,Chris Brown,Forward,Phoenix Coyotes,0,5,0,0,7:38,0,2,0,0,0,0,0,0,0,2012-2013
8475171,Oliver Ekman-Larsson,Defenseman,Phoenix Coyotes,21,48,0,3,25:05:00,40,26,5,0,0,0,0,0,0,2012-2013
8475182,David Rundblad,Defenseman,Phoenix Coyotes,1,8,0,0,13:44,9,0,-5,0,0,0,0,0,0,2012-2013
8476206,Andy Miele,Forward,Phoenix Coyotes,0,1,0,0,9:02,0,0,1,0,0,0,0,0,0,2012-2013
8467391,Jason LaBarbera,Goalie,Phoenix Coyotes,0,15,10,0,48:23:00,0,0,0,4,6,2.644932,418,32,0,2012-2013
8469608,Mike Smith,Goalie,Phoenix Coyotes,0,34,34,0,57:30:00,0,0,0,15,12,2.57728,938,84,5,2012-2013
8473434,Chad Johnson,Goalie,Phoenix Coyotes,0,4,4,0,61:39:00,0,0,0,2,0,1.216463,108,5,1,2012-2013
8462129,Michal Handzus,Forward,San Jose Sharks,6,39,0,2,13:08,30,16,-2,0,0,0,0,0,0,2012-2013
8466138,Joe Thornton,Forward,San Jose Sharks,33,48,0,7,18:22,21,26,6,0,0,0,0,0,0,2012-2013
8466139,Patrick Marleau,Forward,San Jose Sharks,14,48,0,17,19:06,13,24,-2,0,0,0,0,0,0,2012-2013
8466158,Scott Hannan,Defenseman,San Jose Sharks,1,33,0,0,19:20,54,22,-14,0,0,0,0,0,0,2012-2013
8467096,Dan Boyle,Defenseman,San Jose Sharks,13,46,0,7,22:47,81,27,3,0,0,0,0,0,0,2012-2013
8467331,Brad Stuart,Defenseman,San Jose Sharks,6,48,0,0,20:27,89,25,4,0,0,0,0,0,0,2012-2013
8467351,Scott Gomez,Forward,San Jose Sharks,13,39,0,2,13:32,11,22,-10,0,0,0,0,0,0,2012-2013
8467899,Martin Havlat,Forward,San Jose Sharks,10,40,0,8,15:50,13,30,7,0,0,0,0,0,0,2012-2013
8468114,Douglas Murray,Defenseman,San Jose Sharks,5,43,0,1,17:35,98,35,-9,0,0,0,0,0,0,2012-2013
8468485,Raffi Torres,Forward,San Jose Sharks,11,39,0,7,13:16,15,17,0,0,0,0,0,0,0,2012-2013
8469622,Ryane Clowe,Forward,San Jose Sharks,16,40,0,3,16:37,19,93,1,0,0,0,0,0,0,2012-2013
8470063,Adam Burish,Forward,San Jose Sharks,2,46,0,1,10:34,33,25,-7,0,0,0,0,0,0,2012-2013
8470613,Brent Burns,Defenseman,San Jose Sharks,11,30,0,9,16:16,13,20,0,0,0,0,0,0,0,2012-2013
8470794,Joe Pavelski,Forward,San Jose Sharks,15,48,0,16,18:54,44,10,2,0,0,0,0,0,0,2012-2013
8471700,Matt Pelech,Forward,San Jose Sharks,0,2,0,0,9:03,0,7,0,0,0,0,0,0,0,2012-2013
8471709,Marc-Edouard Vlasic,Defenseman,San Jose Sharks,4,48,0,3,20:49,81,29,5,0,0,0,0,0,0,2012-2013
8471842,Tim Kennedy,Forward,San Jose Sharks,0,13,0,2,13:35,4,2,-3,0,0,0,0,0,0,2012-2013
8471956,Andrew Desjardins,Forward,San Jose Sharks,1,42,0,2,10:07,27,61,-6,0,0,0,0,0,0,2012-2013
8471996,Bracken Kearns,Forward,San Jose Sharks,0,1,0,0,12:04,0,0,0,0,0,0,0,0,0,2012-2013
8473536,James Sheppard,Forward,San Jose Sharks,3,32,0,1,11:44,17,12,-9,0,0,0,0,0,0,2012-2013
8473712,Frazer McLaren,Forward,San Jose Sharks,2,36,0,3,5:12,9,102,0,0,0,0,0,0,0,2012-2013
8474001,TJ Galiardi,Forward,San Jose Sharks,9,36,0,5,13:52,15,14,1,0,0,0,0,0,0,2012-2013
8474027,Justin Braun,Defenseman,San Jose Sharks,7,41,0,0,18:48,51,6,-5,0,0,0,0,0,0,2012-2013
8474032,Nick Petrecki,Defenseman,San Jose Sharks,0,1,0,0,11:58,2,0,0,0,0,0,0,0,0,2012-2013
8474053,Logan Couture,Forward,San Jose Sharks,16,48,0,21,18:05,51,4,7,0,0,0,0,0,0,2012-2013
8474218,Jason Demers,Defenseman,San Jose Sharks,2,22,0,1,18:37,24,10,-4,0,0,0,0,0,0,2012-2013
8474739,Tommy Wingels,Forward,San Jose Sharks,8,42,0,5,14:14,32,26,-9,0,0,0,0,0,0,2012-2013
8475625,Matt Irwin,Defenseman,San Jose Sharks,6,38,0,6,19:06,65,10,-1,0,0,0,0,0,0,2012-2013
8476807,Matt Tennyson,Defenseman,San Jose Sharks,2,4,0,0,15:42,2,2,2,0,0,0,0,0,0,2012-2013
8471306,Thomas Greiss,Goalie,San Jose Sharks,0,6,5,0,51:22:00,0,0,0,1,4,2.530824,153,13,1,2012-2013
8471774,Alex Stalock,Goalie,San Jose Sharks,0,2,0,0,20:54,0,0,0,0,0,2.869669,13,2,0,2012-2013
8474550,Antti Niemi,Goalie,San Jose Sharks,0,43,43,0,60:01:00,0,0,0,24,12,2.162148,1220,93,4,2012-2013
8459053,Adrian Aucoin,Defenseman,Columbus Blue Jackets,4,36,0,0,16:20,13,16,-8,0,0,0,0,0,0,2012-2013
8459492,Vinny Prospal,Forward,Columbus Blue Jackets,18,48,0,12,16:31,18,32,3,0,0,0,0,0,0,2012-2013
8468001,Derek MacKenzie,Forward,Columbus Blue Jackets,5,43,0,3,10:20,19,36,1,0,0,0,0,0,0,2012-2013
8468483,Marian Gaborik,Forward,Columbus Blue Jackets,15,47,0,12,18:31,18,14,-3,0,0,0,0,0,0,2012-2013
8469469,R.J. Umberger,Forward,Columbus Blue Jackets,10,48,0,8,18:29,45,16,3,0,0,0,0,0,0,2012-2013
8469492,Fedor Tyutin,Defenseman,Columbus Blue Jackets,18,48,0,4,24:05:00,58,28,9,0,0,0,0,0,0,2012-2013
8470222,James Wisniewski,Defenseman,Columbus Blue Jackets,9,30,0,5,22:49,48,15,-1,0,0,0,0,0,0,2012-2013
8471260,Blake Comeau,Forward,Columbus Blue Jackets,6,42,0,6,12:09,12,20,-4,0,0,0,0,0,0,2012-2013
8471273,Brandon Dubinsky,Forward,Columbus Blue Jackets,18,29,0,2,18:24,17,76,2,0,0,0,0,0,0,2012-2013
8471348,Nikita Nikitin,Defenseman,Columbus Blue Jackets,6,38,0,3,21:11,56,17,2,0,0,0,0,0,0,2012-2013
8471677,Jack Johnson,Defenseman,Columbus Blue Jackets,14,44,0,5,25:58:00,90,12,-5,0,0,0,0,0,0,2012-2013
8471766,Jared Boll,Forward,Columbus Blue Jackets,4,43,0,2,8:04,7,100,1,0,0,0,0,0,0,2012-2013
8471832,Nick Drazenovic,Forward,Columbus Blue Jackets,0,8,0,0,9:55,1,4,-2,0,0,0,0,0,0,2012-2013
8473422,Nick Foligno,Forward,Columbus Blue Jackets,13,45,0,6,16:31,33,28,6,0,0,0,0,0,0,2012-2013
8473432,Derek Dorsett,Forward,Columbus Blue Jackets,6,24,0,3,15:59,10,53,-11,0,0,0,0,0,0,2012-2013
8473544,Derick Brassard,Forward,Columbus Blue Jackets,17,47,0,12,16:33,8,16,1,0,0,0,0,0,0,2012-2013
8473573,Artem Anisimov,Forward,Columbus Blue Jackets,7,35,0,11,16:24,24,12,-6,0,0,0,0,0,0,2012-2013
8473914,Mark Letestu,Forward,Columbus Blue Jackets,14,46,0,13,16:30,12,10,7,0,0,0,0,0,0,2012-2013
8474121,Colton Gillies,Forward,Columbus Blue Jackets,1,27,0,1,8:17,10,17,1,0,0,0,0,0,0,2012-2013
8474207,Nick Holden,Defenseman,Columbus Blue Jackets,0,2,0,0,8:34,0,0,1,0,0,0,0,0,0,2012-2013
8474597,Cody Goloubef,Defenseman,Columbus Blue Jackets,0,11,0,1,14:48,7,0,-3,0,0,0,0,0,0,2012-2013
8474685,Matt Calvert,Forward,Columbus Blue Jackets,7,42,0,9,14:10,24,32,-9,0,0,0,0,0,0,2012-2013
8474715,Cam Atkinson,Forward,Columbus Blue Jackets,9,35,0,9,15:35,16,4,9,0,0,0,0,0,0,2012-2013
8474744,Sean Collins,Forward,Columbus Blue Jackets,0,5,0,0,12:29,5,6,-2,0,0,0,0,0,0,2012-2013
8474774,Dalton Prout,Defenseman,Columbus Blue Jackets,6,28,0,1,18:31,40,25,15,0,0,0,0,0,0,2012-2013
8475148,Tim Erixon,Defenseman,Columbus Blue Jackets,5,31,0,0,15:41,35,14,4,0,0,0,0,0,0,2012-2013
8475186,John Moore,Defenseman,Columbus Blue Jackets,6,30,0,1,13:19,32,7,4,0,0,0,0,0,0,2012-2013
8475233,David Savard,Defenseman,Columbus Blue Jackets,0,4,0,0,13:12,2,0,-3,0,0,0,0,0,0,2012-2013
8475793,Ryan Johansen,Forward,Columbus Blue Jackets,7,40,0,5,16:05,14,12,-7,0,0,0,0,0,0,2012-2013
8476539,Jonathan Marchessault,Forward,Columbus Blue Jackets,0,2,0,0,10:56,0,0,-1,0,0,0,0,0,0,2012-2013
8473461,Steve Mason,Goalie,Columbus Blue Jackets,0,20,17,0,54:30:00,0,0,0,7,8,2.5868,561,47,0,2012-2013
8475683,Sergei Bobrovsky,Goalie,Columbus Blue Jackets,0,38,37,0,58:23:00,0,0,0,21,11,2.000946,1084,74,4,2012-2013
8464989,Matt Cullen,Forward,Minnesota Wild,20,42,0,7,15:53,18,10,9,0,0,0,0,0,0,2012-2013
8465122,Brett Clark,Defenseman,Minnesota Wild,1,8,0,0,14:04,11,0,-9,0,0,0,0,0,0,2012-2013
8467336,Mike Rupp,Forward,Minnesota Wild,3,40,0,1,8:21,9,79,-2,0,0,0,0,0,0,2012-2013
8468482,Dany Heatley,Forward,Minnesota Wild,10,36,0,11,18:32,22,8,-12,0,0,0,0,0,0,2012-2013
8469459,Mikko Koivu,Forward,Minnesota Wild,26,48,0,11,21:05,18,26,2,0,0,0,0,0,0,2012-2013
8469506,Jason Pominville,Forward,Minnesota Wild,20,47,0,14,20:10,35,8,1,0,0,0,0,0,0,2012-2013
8469820,Zenon Konopka,Forward,Minnesota Wild,0,37,0,0,8:26,9,117,-4,0,0,0,0,0,0,2012-2013
8470104,Tom Gilbert,Defenseman,Minnesota Wild,10,43,0,3,19:19,57,18,-11,0,0,0,0,0,0,2012-2013
8470153,Pierre-Marc Bouchard,Forward,Minnesota Wild,12,43,0,8,13:56,6,8,3,0,0,0,0,0,0,2012-2013
8470600,Ryan Suter,Defenseman,Minnesota Wild,28,48,0,4,27:16:00,74,24,2,0,0,0,0,0,0,2012-2013
8470610,Zach Parise,Forward,Minnesota Wild,20,48,0,18,20:40,41,16,2,0,0,0,0,0,0,2012-2013
8470803,Kyle Brodziak,Forward,Minnesota Wild,4,48,0,8,17:21,18,20,-18,0,0,0,0,0,0,2012-2013
8470886,Clayton Stoner,Defenseman,Minnesota Wild,10,48,0,0,18:12,57,42,0,0,0,0,0,0,0,2012-2013
8471338,Torrey Mitchell,Forward,Minnesota Wild,4,45,0,4,10:29,22,21,-8,0,0,0,0,0,0,2012-2013
8471352,Jake Dowell,Forward,Minnesota Wild,0,2,0,0,8:32,0,0,0,0,0,0,0,0,0,2012-2013
8471682,Devin Setoguchi,Forward,Minnesota Wild,14,48,0,13,14:26,19,20,5,0,0,0,0,0,0,2012-2013
8473504,Cal Clutterbuck,Forward,Minnesota Wild,6,42,0,4,13:44,17,27,-5,0,0,0,0,0,0,2012-2013
8473932,Darroll Powe,Forward,Minnesota Wild,0,42,0,0,8:59,22,27,-1,0,0,0,0,0,0,2012-2013
8473992,Justin Falk,Defenseman,Minnesota Wild,3,36,0,0,13:12,39,40,-9,0,0,0,0,0,0,2012-2013
8474618,Marco Scandella,Defenseman,Minnesota Wild,0,6,0,1,14:25,4,4,-1,0,0,0,0,0,0,2012-2013
8474716,Jared Spurgeon,Defenseman,Minnesota Wild,10,39,0,5,21:32,55,4,1,0,0,0,0,0,0,2012-2013
8475613,Nate Prosser,Defenseman,Minnesota Wild,0,17,0,0,11:15,22,4,4,0,0,0,0,0,0,2012-2013
8475722,Jason Zucker,Forward,Minnesota Wild,1,20,0,4,11:15,5,8,4,0,0,0,0,0,0,2012-2013
8475728,Johan Larsson,Forward,Minnesota Wild,0,1,0,0,14:02,1,0,0,0,0,0,0,0,0,2012-2013
8475745,Charlie Coyle,Forward,Minnesota Wild,6,37,0,8,15:03,9,28,3,0,0,0,0,0,0,2012-2013
8475798,Mikael Granlund,Forward,Minnesota Wild,6,27,0,2,13:10,8,6,-4,0,0,0,0,0,0,2012-2013
8476463,Jonas Brodin,Defenseman,Minnesota Wild,9,45,0,2,23:12,60,10,3,0,0,0,0,0,0,2012-2013
8469542,Stephane Veilleux,Forward,Minnesota Wild,,,,,,,,,,,,,,,
8470216,Josh Harding,Goalie,Minnesota Wild,0,5,3,0,37:01:00,0,0,0,1,1,3.241783,73,10,1,2012-2013
8473404,Niklas Backstrom,Goalie,Minnesota Wild,0,42,41,0,56:23:00,0,0,0,24,15,2.482968,1072,98,2,2012-2013
8475252,Matt Hackett,Goalie,Minnesota Wild,0,1,1,0,59:12:00,0,0,0,0,1,5.067568,33,5,0,2012-2013
8475311,Darcy Kuemper,Goalie,Minnesota Wild,0,6,3,0,48:03:00,0,0,0,1,2,2.081165,119,10,0,2012-2013
8466140,Olli Jokinen,Forward,Winnipeg Jets,7,45,0,7,17:07,27,14,-19,0,0,0,0,0,0,2012-2013
8467353,Nik Antropov,Forward,Winnipeg Jets,12,40,0,6,15:57,27,16,6,0,0,0,0,0,0,2012-2013
8467412,Alexei Ponikarovsky,Forward,Winnipeg Jets,5,42,0,4,13:09,15,14,-1,0,0,0,0,0,0,2012-2013
8468493,Ron Hainsey,Defenseman,Winnipeg Jets,13,47,0,0,22:51,123,10,-8,0,0,0,0,0,0,2012-2013
8468704,Antti Miettinen,Forward,Winnipeg Jets,2,22,0,3,12:38,7,2,-3,0,0,0,0,0,0,2012-2013
8469501,Chris Thorburn,Forward,Winnipeg Jets,2,42,0,2,6:19,19,70,-5,0,0,0,0,0,0,2012-2013
8469581,Kyle Wellwood,Forward,Winnipeg Jets,9,39,0,6,12:58,10,2,0,0,0,0,0,0,0,2012-2013
8470061,Derek Meech,Defenseman,Winnipeg Jets,1,16,0,0,14:41,12,2,0,0,0,0,0,0,0,2012-2013
8470289,Jim Slater,Forward,Winnipeg Jets,1,26,0,1,10:27,12,19,-3,0,0,0,0,0,0,2012-2013
8470614,Mark Stuart,Defenseman,Winnipeg Jets,2,42,0,2,16:42,81,53,5,0,0,0,0,0,0,2012-2013
8470828,Toby Enstrom,Defenseman,Winnipeg Jets,11,22,0,4,22:31,38,8,-8,0,0,0,0,0,0,2012-2013
8470834,Dustin Byfuglien,Defenseman,Winnipeg Jets,20,43,0,8,24:24:00,47,34,-1,0,0,0,0,0,0,2012-2013
8471217,Andrew Ladd,Forward,Winnipeg Jets,28,48,0,18,19:40,26,22,10,0,0,0,0,0,0,2012-2013
8471218,Blake Wheeler,Forward,Winnipeg Jets,22,48,0,19,18:48,39,28,-3,0,0,0,0,0,0,2012-2013
8471390,Mike Santorelli,Forward,Winnipeg Jets,2,34,0,2,11:51,3,2,-12,0,0,0,0,0,0,2012-2013
8471451,Aaron Gagnon,Forward,Winnipeg Jets,0,10,0,3,8:09,4,2,2,0,0,0,0,0,0,2012-2013
8471482,Grant Clitsome,Defenseman,Winnipeg Jets,12,44,0,4,18:50,54,18,10,0,0,0,0,0,0,2012-2013
8473412,Bryan Little,Forward,Winnipeg Jets,25,48,0,7,19:47,19,4,8,0,0,0,0,0,0,2012-2013
8474025,Eric Tangradi,Forward,Winnipeg Jets,3,41,0,1,10:05,22,22,-2,0,0,0,0,0,0,2012-2013
8474061,Anthony Peluso,Forward,Winnipeg Jets,2,5,0,0,4:59,0,14,1,0,0,0,0,0,0,2012-2013
8474074,Paul Postma,Defenseman,Winnipeg Jets,5,34,0,4,15:01,27,6,-5,0,0,0,0,0,0,2012-2013
8474567,Zach Bogosian,Defenseman,Winnipeg Jets,9,33,0,5,23:07,50,29,-5,0,0,0,0,0,0,2012-2013
8474616,Patrice Cormier,Forward,Winnipeg Jets,0,10,0,0,3:53,2,7,-3,0,0,0,0,0,0,2012-2013
8474674,James Wright,Forward,Winnipeg Jets,3,38,0,2,11:35,17,31,-5,0,0,0,0,0,0,2012-2013
8474743,Zach Redmond,Defenseman,Winnipeg Jets,3,8,0,1,19:34,8,12,0,0,0,0,0,0,0,2012-2013
8475169,Evander Kane,Forward,Winnipeg Jets,16,48,0,17,20:27,22,80,-3,0,0,0,0,0,0,2012-2013
8475788,Alexander Burmistrov,Forward,Winnipeg Jets,6,44,0,4,15:38,16,14,0,0,0,0,0,0,0,2012-2013
8476460,Mark Scheifele,Forward,Winnipeg Jets,0,4,0,0,11:31,0,0,0,0,0,0,0,0,0,2012-2013
8471219,Al Montoya,Goalie,Winnipeg Jets,0,7,5,0,50:11:00,0,0,0,3,1,2.903088,168,17,1,2012-2013
8471715,Ondrej Pavelec,Goalie,Winnipeg Jets,0,44,43,0,58:00:00,0,0,0,21,20,2.79702,1251,119,0,2012-2013
